date,station_id,station_name,latitude,longitude,PM2.5,PM10,NO2,SO2,CO,O3
2025-10-01,STN01,Delhi (RK Puram),28.56,77.18,29.52,84.98,54.72,1.0,1.98,4092.83
2025-10-01,STN02,Patna (IGSC),25.61,85.12,23.05,98.25,3.48,1.0,1.88,294.77
2025-10-01,STN03,Mumbai (Bandra),19.05,72.82,33.84,94.93,33.9,1.0,1.47,4185.24
2025-10-01,STN04,Bengaluru (Kengeri),12.91,77.48,32.24,37.24,8.15,1.43,0.72,379.84
2025-10-01,STN05,Chennai (Adayar),13.01,80.25,27.51,43.56,13.79,1.54,1.18,2760.55
2025-10-01,STN06,Kolkata (Victoria),22.54,88.34,39.18,100.26,31.35,1.59,1.17,3290.44
2025-10-01,STN07,Amritsar (Golden Temple),31.62,74.88,20.17,75.23,11.75,3.45,0.89,245.62
2025-10-01,STN08,Hisar (HAU),29.15,75.7,7.11,35.13,5.78,1.0,0.88,298.07
2025-10-01,STN09,Lucknow (Lalbagh),26.85,80.93,35.99,97.55,2.0,1.0,1.47,260.02
2025-10-01,STN10,Hyderabad (Sanathnagar),17.45,78.43,22.91,35.38,2.0,1.0,0.89,312.48
2025-10-01,STN11,Guwahati (IIT),26.18,91.69,24.55,76.02,4.98,1.0,1.07,229.8
2025-10-01,STN12,Jaipur (Shastri Nagar),26.93,75.8,16.42,100.87,2.0,3.24,0.87,345.65
2025-10-02,STN01,Delhi (RK Puram),28.56,77.18,56.15,108.08,49.57,3.91,1.59,3719.65
2025-10-02,STN02,Patna (IGSC),25.61,85.12,25.97,66.07,4.79,3.01,1.49,123.14
2025-10-02,STN03,Mumbai (Bandra),19.05,72.82,25.4,98.48,40.29,1.0,1.13,4160.93
2025-10-02,STN04,Bengaluru (Kengeri),12.91,77.48,23.61,61.34,2.0,1.52,1.05,253.93
2025-10-02,STN05,Chennai (Adayar),13.01,80.25,5.0,51.24,13.51,3.04,0.83,2282.24
2025-10-02,STN06,Kolkata (Victoria),22.54,88.34,19.89,55.75,33.31,3.38,1.54,3460.8
2025-10-02,STN07,Amritsar (Golden Temple),31.62,74.88,26.56,63.78,2.0,1.0,1.37,227.49
2025-10-02,STN08,Hisar (HAU),29.15,75.7,18.86,41.76,2.0,3.34,0.84,254.91
2025-10-02,STN09,Lucknow (Lalbagh),26.85,80.93,16.58,65.03,19.19,1.43,1.54,387.12
2025-10-02,STN10,Hyderabad (Sanathnagar),17.45,78.43,35.11,44.04,6.67,2.03,1.23,295.65
2025-10-02,STN11,Guwahati (IIT),26.18,91.69,31.05,109.92,2.0,1.0,0.88,287.47
2025-10-02,STN12,Jaipur (Shastri Nagar),26.93,75.8,10.57,46.44,7.39,1.52,1.08,289.07
2025-10-03,STN01,Delhi (RK Puram),28.56,77.18,39.74,96.49,58.41,1.0,2.13,4112.86
2025-10-03,STN02,Patna (IGSC),25.61,85.12,45.14,107.75,2.0,2.54,1.7,276.98
2025-10-03,STN03,Mumbai (Bandra),19.05,72.82,18.24,47.2,48.37,4.8,1.29,4269.15
2025-10-03,STN04,Bengaluru (Kengeri),12.91,77.48,19.49,46.6,3.01,1.0,0.99,305.03
2025-10-03,STN05,Chennai (Adayar),13.01,80.25,24.33,65.4,17.4,1.0,0.99,2790.61
2025-10-03,STN06,Kolkata (Victoria),22.54,88.34,31.37,84.69,38.09,2.75,1.21,3577.48
2025-10-03,STN07,Amritsar (Golden Temple),31.62,74.88,25.15,65.98,4.47,1.84,0.94,237.95
2025-10-03,STN08,Hisar (HAU),29.15,75.7,18.76,84.55,2.0,2.77,1.51,180.61
2025-10-03,STN09,Lucknow (Lalbagh),26.85,80.93,34.05,81.81,3.72,1.27,1.48,243.07
2025-10-03,STN10,Hyderabad (Sanathnagar),17.45,78.43,10.47,27.21,2.0,2.9,1.21,254.42
2025-10-03,STN11,Guwahati (IIT),26.18,91.69,17.37,46.67,2.0,1.0,1.1,264.28
2025-10-03,STN12,Jaipur (Shastri Nagar),26.93,75.8,28.39,106.79,2.0,1.0,0.88,274.27
2025-10-04,STN01,Delhi (RK Puram),28.56,77.18,33.79,109.15,62.75,1.0,1.89,4027.99
2025-10-04,STN02,Patna (IGSC),25.61,85.12,49.79,131.4,7.73,1.0,1.7,175.07
2025-10-04,STN03,Mumbai (Bandra),19.05,72.82,19.93,60.2,34.85,1.0,1.75,4361.83
2025-10-04,STN04,Bengaluru (Kengeri),12.91,77.48,44.23,109.7,8.43,1.01,1.15,357.0
2025-10-04,STN05,Chennai (Adayar),13.01,80.25,32.45,87.13,10.99,1.0,0.76,2577.33
2025-10-04,STN06,Kolkata (Victoria),22.54,88.34,31.51,74.33,40.84,2.04,1.18,3639.27
2025-10-04,STN07,Amritsar (Golden Temple),31.62,74.88,32.55,88.99,14.6,1.0,1.38,328.27
2025-10-04,STN08,Hisar (HAU),29.15,75.7,30.09,83.07,8.37,2.31,0.96,227.76
2025-10-04,STN09,Lucknow (Lalbagh),26.85,80.93,25.15,58.54,2.0,3.32,1.66,363.54
2025-10-04,STN10,Hyderabad (Sanathnagar),17.45,78.43,27.92,46.79,6.82,1.0,1.4,321.39
2025-10-04,STN11,Guwahati (IIT),26.18,91.69,35.31,84.55,4.0,1.38,1.11,299.15
2025-10-04,STN12,Jaipur (Shastri Nagar),26.93,75.8,34.78,105.29,4.52,1.0,0.86,253.33
2025-10-05,STN01,Delhi (RK Puram),28.56,77.18,39.18,105.2,48.44,1.0,1.61,4022.89
2025-10-05,STN02,Patna (IGSC),25.61,85.12,22.74,49.71,5.97,1.35,1.49,238.39
2025-10-05,STN03,Mumbai (Bandra),19.05,72.82,38.68,81.05,47.04,4.03,1.34,4285.55
2025-10-05,STN04,Bengaluru (Kengeri),12.91,77.48,8.55,55.71,2.0,1.0,1.06,321.11
2025-10-05,STN05,Chennai (Adayar),13.01,80.25,28.57,52.66,11.87,1.11,1.06,2299.59
2025-10-05,STN06,Kolkata (Victoria),22.54,88.34,30.53,74.54,32.82,1.0,0.97,3249.29
2025-10-05,STN07,Amritsar (Golden Temple),31.62,74.88,25.03,75.68,6.28,1.0,1.15,334.64
2025-10-05,STN08,Hisar (HAU),29.15,75.7,13.51,51.57,2.0,2.95,1.01,237.0
2025-10-05,STN09,Lucknow (Lalbagh),26.85,80.93,28.57,74.18,7.27,1.0,1.51,200.4
2025-10-05,STN10,Hyderabad (Sanathnagar),17.45,78.43,32.97,90.33,2.15,1.0,1.08,260.34
2025-10-05,STN11,Guwahati (IIT),26.18,91.69,29.94,45.91,2.0,1.0,0.96,203.31
2025-10-05,STN12,Jaipur (Shastri Nagar),26.93,75.8,42.1,150.44,9.67,1.0,1.53,279.65
2025-10-06,STN01,Delhi (RK Puram),28.56,77.18,52.58,76.79,59.68,2.07,2.37,4135.75
2025-10-06,STN02,Patna (IGSC),25.61,85.12,37.13,72.76,2.0,1.73,1.63,291.62
2025-10-06,STN03,Mumbai (Bandra),19.05,72.82,53.88,118.37,40.06,2.56,1.39,4342.06
2025-10-06,STN04,Bengaluru (Kengeri),12.91,77.48,22.76,50.82,2.0,1.0,0.82,208.4
2025-10-06,STN05,Chennai (Adayar),13.01,80.25,13.79,44.43,20.74,1.0,1.19,2705.28
2025-10-06,STN06,Kolkata (Victoria),22.54,88.34,44.13,91.86,28.85,1.83,1.51,3289.27
2025-10-06,STN07,Amritsar (Golden Temple),31.62,74.88,30.57,99.3,2.0,1.14,0.93,249.37
2025-10-06,STN08,Hisar (HAU),29.15,75.7,34.18,107.27,2.0,1.84,0.95,291.09
2025-10-06,STN09,Lucknow (Lalbagh),26.85,80.93,47.97,114.36,9.2,3.78,1.27,255.36
2025-10-06,STN10,Hyderabad (Sanathnagar),17.45,78.43,20.05,35.88,2.0,1.0,1.16,244.03
2025-10-06,STN11,Guwahati (IIT),26.18,91.69,12.14,34.2,2.0,1.0,0.85,209.56
2025-10-06,STN12,Jaipur (Shastri Nagar),26.93,75.8,43.4,141.42,8.79,1.0,1.17,306.49
2025-10-07,STN01,Delhi (RK Puram),28.56,77.18,50.8,113.23,62.48,1.0,1.98,4384.85
2025-10-07,STN02,Patna (IGSC),25.61,85.12,36.34,93.89,2.43,1.0,1.5,312.48
2025-10-07,STN03,Mumbai (Bandra),19.05,72.82,41.81,108.68,43.34,1.0,1.37,4175.54
2025-10-07,STN04,Bengaluru (Kengeri),12.91,77.48,32.39,60.47,7.78,1.0,1.27,272.84
2025-10-07,STN05,Chennai (Adayar),13.01,80.25,25.37,84.86,25.77,2.96,0.7,2630.41
2025-10-07,STN06,Kolkata (Victoria),22.54,88.34,38.2,84.47,29.29,2.96,0.88,3192.71
2025-10-07,STN07,Amritsar (Golden Temple),31.62,74.88,37.91,97.58,2.0,1.05,1.69,260.87
2025-10-07,STN08,Hisar (HAU),29.15,75.7,28.96,123.95,2.0,2.07,0.73,258.37
2025-10-07,STN09,Lucknow (Lalbagh),26.85,80.93,38.13,111.39,4.83,3.93,1.46,230.42
2025-10-07,STN10,Hyderabad (Sanathnagar),17.45,78.43,37.92,88.5,12.49,1.0,1.07,292.19
2025-10-07,STN11,Guwahati (IIT),26.18,91.69,24.3,57.87,3.84,1.0,0.77,258.51
2025-10-07,STN12,Jaipur (Shastri Nagar),26.93,75.8,40.07,120.71,3.4,1.91,1.48,292.63
2025-10-08,STN01,Delhi (RK Puram),28.56,77.18,54.03,99.84,58.65,1.0,2.3,4567.97
2025-10-08,STN02,Patna (IGSC),25.61,85.12,33.3,71.01,2.0,3.46,1.87,258.66
2025-10-08,STN03,Mumbai (Bandra),19.05,72.82,34.63,113.97,42.75,1.0,1.72,4125.31
2025-10-08,STN04,Bengaluru (Kengeri),12.91,77.48,32.1,69.48,3.88,1.51,0.75,411.33
2025-10-08,STN05,Chennai (Adayar),13.01,80.25,28.2,62.19,14.7,1.61,1.15,2516.31
2025-10-08,STN06,Kolkata (Victoria),22.54,88.34,39.22,105.49,30.95,1.0,1.41,3590.35
2025-10-08,STN07,Amritsar (Golden Temple),31.62,74.88,49.27,130.87,2.0,1.0,1.28,316.54
2025-10-08,STN08,Hisar (HAU),29.15,75.7,14.94,71.78,2.0,3.56,0.88,218.46
2025-10-08,STN09,Lucknow (Lalbagh),26.85,80.93,30.2,86.84,8.33,1.0,1.73,283.97
2025-10-08,STN10,Hyderabad (Sanathnagar),17.45,78.43,28.67,58.06,2.0,1.1,1.14,305.06
2025-10-08,STN11,Guwahati (IIT),26.18,91.69,26.98,78.97,3.6,1.0,0.79,286.3
2025-10-08,STN12,Jaipur (Shastri Nagar),26.93,75.8,21.73,87.01,3.37,1.0,1.27,268.19
2025-10-09,STN01,Delhi (RK Puram),28.56,77.18,35.98,98.19,55.68,1.0,1.71,4342.03
2025-10-09,STN02,Patna (IGSC),25.61,85.12,58.59,141.56,4.31,3.32,2.03,257.59
2025-10-09,STN03,Mumbai (Bandra),19.05,72.82,18.14,60.13,34.08,1.0,1.5,4197.94
2025-10-09,STN04,Bengaluru (Kengeri),12.91,77.48,18.28,40.51,2.0,2.26,0.95,335.8
2025-10-09,STN05,Chennai (Adayar),13.01,80.25,29.38,56.33,13.67,2.7,1.09,2409.67
2025-10-09,STN06,Kolkata (Victoria),22.54,88.34,43.71,92.53,37.85,1.0,1.19,3566.33
2025-10-09,STN07,Amritsar (Golden Temple),31.62,74.88,25.21,71.86,2.68,1.12,1.95,234.57
2025-10-09,STN08,Hisar (HAU),29.15,75.7,38.72,146.15,2.0,3.24,0.78,355.86
2025-10-09,STN09,Lucknow (Lalbagh),26.85,80.93,46.65,94.61,11.03,1.0,1.9,265.9
2025-10-09,STN10,Hyderabad (Sanathnagar),17.45,78.43,20.32,41.97,2.0,1.0,1.31,383.84
2025-10-09,STN11,Guwahati (IIT),26.18,91.69,20.85,61.12,2.0,1.0,0.96,308.42
2025-10-09,STN12,Jaipur (Shastri Nagar),26.93,75.8,17.69,78.48,9.08,1.0,1.4,322.99
2025-10-10,STN01,Delhi (RK Puram),28.56,77.18,46.39,113.78,68.27,1.0,2.0,4226.43
2025-10-10,STN02,Patna (IGSC),25.61,85.12,29.54,59.6,3.73,1.0,1.51,285.1
2025-10-10,STN03,Mumbai (Bandra),19.05,72.82,50.98,110.45,56.16,2.09,1.38,4424.18
2025-10-10,STN04,Bengaluru (Kengeri),12.91,77.48,9.53,34.38,2.0,2.26,0.68,249.92
2025-10-10,STN05,Chennai (Adayar),13.01,80.25,31.31,77.44,13.88,3.09,0.92,2524.95
2025-10-10,STN06,Kolkata (Victoria),22.54,88.34,40.05,89.31,38.19,7.73,1.59,3173.34
2025-10-10,STN07,Amritsar (Golden Temple),31.62,74.88,33.99,71.4,2.0,1.0,1.44,174.44
2025-10-10,STN08,Hisar (HAU),29.15,75.7,22.01,76.05,2.0,1.0,1.0,300.67
2025-10-10,STN09,Lucknow (Lalbagh),26.85,80.93,41.88,102.99,11.84,1.0,1.61,338.03
2025-10-10,STN10,Hyderabad (Sanathnagar),17.45,78.43,26.87,55.69,2.0,1.0,1.27,239.16
2025-10-10,STN11,Guwahati (IIT),26.18,91.69,25.54,89.45,2.0,1.0,0.78,331.41
2025-10-10,STN12,Jaipur (Shastri Nagar),26.93,75.8,34.65,107.63,8.44,1.0,1.28,207.36
2025-10-11,STN01,Delhi (RK Puram),28.56,77.18,48.97,113.94,62.48,1.0,2.03,4049.62
2025-10-11,STN02,Patna (IGSC),25.61,85.12,38.67,107.13,2.0,1.0,1.88,178.33
2025-10-11,STN03,Mumbai (Bandra),19.05,72.82,36.44,114.22,44.81,1.0,1.7,4415.33
2025-10-11,STN04,Bengaluru (Kengeri),12.91,77.48,17.62,50.78,2.0,1.24,1.23,313.45
2025-10-11,STN05,Chennai (Adayar),13.01,80.25,5.0,21.24,20.31,1.0,1.0,2545.79
2025-10-11,STN06,Kolkata (Victoria),22.54,88.34,33.71,73.74,40.63,2.36,1.39,3573.58
2025-10-11,STN07,Amritsar (Golden Temple),31.62,74.88,28.59,96.16,2.0,1.0,0.84,199.98
2025-10-11,STN08,Hisar (HAU),29.15,75.7,40.33,102.82,2.0,1.0,0.81,261.6
2025-10-11,STN09,Lucknow (Lalbagh),26.85,80.93,38.51,86.98,2.0,1.0,1.66,221.24
2025-10-11,STN10,Hyderabad (Sanathnagar),17.45,78.43,30.4,67.39,2.0,1.02,1.43,289.46
2025-10-11,STN11,Guwahati (IIT),26.18,91.69,22.5,44.31,2.0,1.0,0.78,226.98
2025-10-11,STN12,Jaipur (Shastri Nagar),26.93,75.8,20.16,47.4,11.29,1.0,0.56,175.17
2025-10-12,STN01,Delhi (RK Puram),28.56,77.18,62.13,136.38,58.17,1.89,1.88,4254.3
2025-10-12,STN02,Patna (IGSC),25.61,85.12,51.34,120.4,2.44,1.0,1.88,289.04
2025-10-12,STN03,Mumbai (Bandra),19.05,72.82,38.17,85.14,36.43,1.0,1.14,4311.62
2025-10-12,STN04,Bengaluru (Kengeri),12.91,77.48,5.6,10.6,2.0,1.66,1.03,317.95
2025-10-12,STN05,Chennai (Adayar),13.01,80.25,11.76,26.49,24.05,1.0,0.68,2719.45
2025-10-12,STN06,Kolkata (Victoria),22.54,88.34,41.97,90.39,30.55,2.36,1.77,3601.76
2025-10-12,STN07,Amritsar (Golden Temple),31.62,74.88,29.67,88.71,2.0,1.0,1.36,316.36
2025-10-12,STN08,Hisar (HAU),29.15,75.7,40.1,125.28,2.0,1.0,0.92,233.13
2025-10-12,STN09,Lucknow (Lalbagh),26.85,80.93,29.11,58.34,2.0,6.04,1.67,277.26
2025-10-12,STN10,Hyderabad (Sanathnagar),17.45,78.43,16.77,65.55,2.43,1.18,1.3,270.78
2025-10-12,STN11,Guwahati (IIT),26.18,91.69,29.5,97.33,8.04,1.0,0.75,225.12
2025-10-12,STN12,Jaipur (Shastri Nagar),26.93,75.8,31.11,107.8,2.0,1.0,0.89,254.33
2025-10-13,STN01,Delhi (RK Puram),28.56,77.18,58.26,125.1,60.2,1.0,2.24,4107.5
2025-10-13,STN02,Patna (IGSC),25.61,85.12,46.97,72.38,8.31,1.0,1.56,169.21
2025-10-13,STN03,Mumbai (Bandra),19.05,72.82,28.68,77.12,43.57,3.84,1.38,4276.94
2025-10-13,STN04,Bengaluru (Kengeri),12.91,77.48,5.0,17.93,2.0,1.0,0.81,398.75
2025-10-13,STN05,Chennai (Adayar),13.01,80.25,5.19,10.89,24.6,2.06,0.9,2838.88
2025-10-13,STN06,Kolkata (Victoria),22.54,88.34,26.17,62.82,27.82,1.89,1.45,3327.05
2025-10-13,STN07,Amritsar (Golden Temple),31.62,74.88,22.24,92.33,6.38,3.31,1.52,236.4
2025-10-13,STN08,Hisar (HAU),29.15,75.7,30.68,81.56,2.0,1.0,0.85,161.89
2025-10-13,STN09,Lucknow (Lalbagh),26.85,80.93,29.81,52.54,4.33,1.0,1.88,201.72
2025-10-13,STN10,Hyderabad (Sanathnagar),17.45,78.43,20.61,68.04,3.08,1.0,1.12,210.4
2025-10-13,STN11,Guwahati (IIT),26.18,91.69,24.31,62.93,6.86,1.82,0.7,196.95
2025-10-13,STN12,Jaipur (Shastri Nagar),26.93,75.8,63.55,162.5,4.64,1.0,1.27,281.51
2025-10-14,STN01,Delhi (RK Puram),28.56,77.18,52.89,113.81,62.42,1.0,1.43,4373.36
2025-10-14,STN02,Patna (IGSC),25.61,85.12,53.27,96.33,2.0,1.0,1.19,334.31
2025-10-14,STN03,Mumbai (Bandra),19.05,72.82,34.23,67.05,47.52,2.94,1.56,4575.33
2025-10-14,STN04,Bengaluru (Kengeri),12.91,77.48,25.12,45.93,2.0,1.44,0.84,359.75
2025-10-14,STN05,Chennai (Adayar),13.01,80.25,5.0,10.0,20.72,1.0,0.86,2467.76
2025-10-14,STN06,Kolkata (Victoria),22.54,88.34,68.33,131.4,30.38,1.97,1.54,3076.74
2025-10-14,STN07,Amritsar (Golden Temple),31.62,74.88,45.65,80.79,2.0,1.91,1.37,249.2
2025-10-14,STN08,Hisar (HAU),29.15,75.7,21.59,80.41,2.0,1.16,1.15,253.02
2025-10-14,STN09,Lucknow (Lalbagh),26.85,80.93,49.43,107.61,3.56,1.45,1.41,190.72
2025-10-14,STN10,Hyderabad (Sanathnagar),17.45,78.43,38.01,66.01,6.28,1.0,1.44,268.69
2025-10-14,STN11,Guwahati (IIT),26.18,91.69,20.99,84.01,3.05,1.0,0.76,280.0
2025-10-14,STN12,Jaipur (Shastri Nagar),26.93,75.8,21.12,59.62,2.0,1.0,0.9,263.57
2025-10-15,STN01,Delhi (RK Puram),28.56,77.18,52.66,127.26,65.41,1.0,1.71,4578.89
2025-10-15,STN02,Patna (IGSC),25.61,85.12,22.17,49.13,2.0,3.16,1.54,214.61
2025-10-15,STN03,Mumbai (Bandra),19.05,72.82,33.28,72.97,45.33,1.0,1.26,4184.28
2025-10-15,STN04,Bengaluru (Kengeri),12.91,77.48,21.74,56.87,2.0,1.0,0.95,169.27
2025-10-15,STN05,Chennai (Adayar),13.01,80.25,5.0,10.0,15.64,2.32,0.64,2669.67
2025-10-15,STN06,Kolkata (Victoria),22.54,88.34,41.27,82.54,39.52,1.0,0.82,3512.53
2025-10-15,STN07,Amritsar (Golden Temple),31.62,74.88,40.51,76.97,2.0,4.0,0.96,284.92
2025-10-15,STN08,Hisar (HAU),29.15,75.7,30.07,77.5,2.0,1.0,0.91,239.93
2025-10-15,STN09,Lucknow (Lalbagh),26.85,80.93,53.71,97.58,3.05,1.0,1.69,231.93
2025-10-15,STN10,Hyderabad (Sanathnagar),17.45,78.43,27.72,60.58,3.22,1.0,1.31,222.41
2025-10-15,STN11,Guwahati (IIT),26.18,91.69,38.39,86.86,8.43,2.13,1.04,242.41
2025-10-15,STN12,Jaipur (Shastri Nagar),26.93,75.8,29.5,118.19,2.0,1.0,0.93,211.02
2025-10-16,STN01,Delhi (RK Puram),28.56,77.18,60.81,135.26,64.14,1.96,1.78,3907.54
2025-10-16,STN02,Patna (IGSC),25.61,85.12,44.16,96.03,2.67,1.0,1.8,287.88
2025-10-16,STN03,Mumbai (Bandra),19.05,72.82,29.86,81.05,46.16,1.85,1.65,4423.47
2025-10-16,STN04,Bengaluru (Kengeri),12.91,77.48,29.06,57.84,2.0,2.61,1.09,303.53
2025-10-16,STN05,Chennai (Adayar),13.01,80.25,26.55,50.23,22.89,1.0,1.16,2683.23
2025-10-16,STN06,Kolkata (Victoria),22.54,88.34,36.33,83.08,30.14,2.11,1.29,3373.68
2025-10-16,STN07,Amritsar (Golden Temple),31.62,74.88,18.98,74.81,2.0,1.0,1.33,239.4
2025-10-16,STN08,Hisar (HAU),29.15,75.7,35.38,107.37,3.53,1.0,1.27,253.86
2025-10-16,STN09,Lucknow (Lalbagh),26.85,80.93,50.02,130.2,4.97,1.0,1.5,257.28
2025-10-16,STN10,Hyderabad (Sanathnagar),17.45,78.43,25.61,64.88,8.48,1.0,1.34,376.62
2025-10-16,STN11,Guwahati (IIT),26.18,91.69,20.51,51.84,2.0,1.0,0.88,254.86
2025-10-16,STN12,Jaipur (Shastri Nagar),26.93,75.8,33.58,115.21,2.0,3.96,1.05,318.72
2025-10-17,STN01,Delhi (RK Puram),28.56,77.18,60.12,126.49,55.87,1.0,1.92,4067.88
2025-10-17,STN02,Patna (IGSC),25.61,85.12,55.63,91.74,4.55,2.81,1.69,326.98
2025-10-17,STN03,Mumbai (Bandra),19.05,72.82,44.55,82.79,51.53,1.0,1.18,4644.5
2025-10-17,STN04,Bengaluru (Kengeri),12.91,77.48,5.0,34.63,8.59,1.0,1.18,368.72
2025-10-17,STN05,Chennai (Adayar),13.01,80.25,19.13,64.34,26.35,3.58,1.2,2553.39
2025-10-17,STN06,Kolkata (Victoria),22.54,88.34,40.09,88.01,26.69,1.0,1.12,3489.8
2025-10-17,STN07,Amritsar (Golden Temple),31.62,74.88,10.46,60.3,6.3,1.54,1.45,303.2
2025-10-17,STN08,Hisar (HAU),29.15,75.7,20.41,73.31,2.0,3.46,0.92,317.82
2025-10-17,STN09,Lucknow (Lalbagh),26.85,80.93,58.45,136.18,2.0,1.0,1.7,290.54
2025-10-17,STN10,Hyderabad (Sanathnagar),17.45,78.43,13.57,40.95,5.31,1.04,1.0,300.58
2025-10-17,STN11,Guwahati (IIT),26.18,91.69,25.66,69.31,2.0,1.0,0.77,175.87
2025-10-17,STN12,Jaipur (Shastri Nagar),26.93,75.8,44.33,124.92,2.0,1.0,0.97,285.72
2025-10-18,STN01,Delhi (RK Puram),28.56,77.18,39.68,103.06,62.29,1.0,2.32,4087.05
2025-10-18,STN02,Patna (IGSC),25.61,85.12,28.24,47.49,10.97,1.0,1.53,330.79
2025-10-18,STN03,Mumbai (Bandra),19.05,72.82,37.69,76.82,48.49,1.0,1.5,4182.14
2025-10-18,STN04,Bengaluru (Kengeri),12.91,77.48,18.3,65.54,2.0,1.0,0.52,293.81
2025-10-18,STN05,Chennai (Adayar),13.01,80.25,26.21,31.21,26.21,1.0,1.53,2792.85
2025-10-18,STN06,Kolkata (Victoria),22.54,88.34,35.76,91.41,37.64,2.3,1.54,3689.37
2025-10-18,STN07,Amritsar (Golden Temple),31.62,74.88,25.36,88.69,2.99,2.41,1.0,301.54
2025-10-18,STN08,Hisar (HAU),29.15,75.7,25.62,91.73,2.4,1.0,0.9,151.33
2025-10-18,STN09,Lucknow (Lalbagh),26.85,80.93,56.41,115.18,10.92,1.0,1.57,263.78
2025-10-18,STN10,Hyderabad (Sanathnagar),17.45,78.43,35.15,80.47,2.0,2.6,1.28,205.0
2025-10-18,STN11,Guwahati (IIT),26.18,91.69,33.5,64.93,3.57,2.81,0.61,249.28
2025-10-18,STN12,Jaipur (Shastri Nagar),26.93,75.8,37.76,125.09,2.0,1.0,0.91,230.74
2025-10-19,STN01,Delhi (RK Puram),28.56,77.18,35.51,83.92,65.85,1.0,1.34,4197.07
2025-10-19,STN02,Patna (IGSC),25.61,85.12,37.06,88.06,3.07,1.0,1.39,215.98
2025-10-19,STN03,Mumbai (Bandra),19.05,72.82,26.14,50.2,48.8,1.0,2.12,4763.36
2025-10-19,STN04,Bengaluru (Kengeri),12.91,77.48,16.78,42.64,2.0,1.0,0.89,264.23
2025-10-19,STN05,Chennai (Adayar),13.01,80.25,18.48,65.05,10.07,1.0,1.31,2485.85
2025-10-19,STN06,Kolkata (Victoria),22.54,88.34,14.42,51.51,27.97,1.93,1.67,3577.96
2025-10-19,STN07,Amritsar (Golden Temple),31.62,74.88,28.63,81.66,2.0,1.0,1.14,148.09
2025-10-19,STN08,Hisar (HAU),29.15,75.7,22.09,86.95,2.62,1.0,1.21,282.57
2025-10-19,STN09,Lucknow (Lalbagh),26.85,80.93,39.03,68.31,4.74,2.87,1.56,234.73
2025-10-19,STN10,Hyderabad (Sanathnagar),17.45,78.43,25.46,90.3,2.6,1.49,1.42,300.88
2025-10-19,STN11,Guwahati (IIT),26.18,91.69,26.67,67.43,2.0,1.89,1.04,290.42
2025-10-19,STN12,Jaipur (Shastri Nagar),26.93,75.8,35.97,120.16,2.0,2.01,1.02,224.77
2025-10-20,STN01,Delhi (RK Puram),28.56,77.18,70.65,143.87,65.13,1.0,1.64,4299.69
2025-10-20,STN02,Patna (IGSC),25.61,85.12,57.01,133.09,8.47,1.0,1.53,248.03
2025-10-20,STN03,Mumbai (Bandra),19.05,72.82,32.48,68.88,48.56,1.35,1.51,4292.62
2025-10-20,STN04,Bengaluru (Kengeri),12.91,77.48,39.41,76.61,2.0,1.0,1.29,420.23
2025-10-20,STN05,Chennai (Adayar),13.01,80.25,31.58,55.22,17.6,1.0,0.97,2691.53
2025-10-20,STN06,Kolkata (Victoria),22.54,88.34,28.09,81.27,39.33,1.0,1.12,3708.78
2025-10-20,STN07,Amritsar (Golden Temple),31.62,74.88,48.41,94.59,3.16,3.1,1.07,220.06
2025-10-20,STN08,Hisar (HAU),29.15,75.7,33.95,93.44,5.47,1.0,1.24,225.37
2025-10-20,STN09,Lucknow (Lalbagh),26.85,80.93,17.99,52.67,6.07,1.0,1.77,199.41
2025-10-20,STN10,Hyderabad (Sanathnagar),17.45,78.43,19.45,63.29,2.0,1.0,1.19,329.51
2025-10-20,STN11,Guwahati (IIT),26.18,91.69,14.37,78.01,2.0,1.0,0.77,298.51
2025-10-20,STN12,Jaipur (Shastri Nagar),26.93,75.8,23.87,99.21,12.95,1.4,1.36,253.46
2025-10-21,STN01,Delhi (RK Puram),28.56,77.18,46.47,108.79,74.16,1.0,2.21,4315.89
2025-10-21,STN02,Patna (IGSC),25.61,85.12,47.66,117.06,2.0,1.74,1.47,228.98
2025-10-21,STN03,Mumbai (Bandra),19.05,72.82,38.25,64.64,49.65,2.98,1.5,4871.75
2025-10-21,STN04,Bengaluru (Kengeri),12.91,77.48,10.26,27.74,2.0,1.0,1.58,332.15
2025-10-21,STN05,Chennai (Adayar),13.01,80.25,31.3,88.66,13.19,3.45,0.7,2843.13
2025-10-21,STN06,Kolkata (Victoria),22.54,88.34,32.72,81.89,35.85,1.0,1.7,3666.26
2025-10-21,STN07,Amritsar (Golden Temple),31.62,74.88,32.88,92.54,2.0,1.0,1.31,225.43
2025-10-21,STN08,Hisar (HAU),29.15,75.7,23.61,69.64,2.0,1.98,1.19,260.45
2025-10-21,STN09,Lucknow (Lalbagh),26.85,80.93,32.09,75.63,2.0,1.0,1.15,253.16
2025-10-21,STN10,Hyderabad (Sanathnagar),17.45,78.43,24.09,64.19,2.0,1.15,1.56,345.83
2025-10-21,STN11,Guwahati (IIT),26.18,91.69,29.56,94.32,2.0,1.0,1.18,231.95
2025-10-21,STN12,Jaipur (Shastri Nagar),26.93,75.8,41.66,125.1,2.0,1.0,1.35,176.33
2025-10-22,STN01,Delhi (RK Puram),28.56,77.18,98.41,187.55,58.96,1.42,6.51,22578.14
2025-10-22,STN02,Patna (IGSC),25.61,85.12,44.2,72.87,2.0,1.17,1.41,319.77
2025-10-22,STN03,Mumbai (Bandra),19.05,72.82,37.05,68.86,48.15,1.0,2.1,4494.76
2025-10-22,STN04,Bengaluru (Kengeri),12.91,77.48,9.86,45.27,2.0,1.0,1.11,251.8
2025-10-22,STN05,Chennai (Adayar),13.01,80.25,34.31,66.49,7.35,1.03,1.25,2777.39
2025-10-22,STN06,Kolkata (Victoria),22.54,88.34,49.23,111.56,34.51,1.56,1.2,3330.87
2025-10-22,STN07,Amritsar (Golden Temple),31.62,74.88,47.77,142.24,6.24,1.0,1.73,1888.48
2025-10-22,STN08,Hisar (HAU),29.15,75.7,45.16,100.75,2.0,2.5,3.51,1166.45
2025-10-22,STN09,Lucknow (Lalbagh),26.85,80.93,28.81,68.34,2.0,1.0,1.8,196.17
2025-10-22,STN10,Hyderabad (Sanathnagar),17.45,78.43,21.41,47.86,11.28,1.0,0.98,311.65
2025-10-22,STN11,Guwahati (IIT),26.18,91.69,33.15,106.57,2.0,1.0,1.12,263.32
2025-10-22,STN12,Jaipur (Shastri Nagar),26.93,75.8,30.66,117.94,2.0,4.85,1.43,227.66
2025-10-23,STN01,Delhi (RK Puram),28.56,77.18,137.61,266.15,64.5,1.0,11.03,42945.89
2025-10-23,STN02,Patna (IGSC),25.61,85.12,41.29,94.31,10.29,1.0,1.59,561.2
2025-10-23,STN03,Mumbai (Bandra),19.05,72.82,7.07,62.4,48.05,1.0,1.4,5002.71
2025-10-23,STN04,Bengaluru (Kengeri),12.91,77.48,23.98,86.54,6.86,1.0,1.18,320.47
2025-10-23,STN05,Chennai (Adayar),13.01,80.25,23.59,69.71,13.14,2.12,0.89,3265.45
2025-10-23,STN06,Kolkata (Victoria),22.54,88.34,30.75,90.63,40.98,1.0,1.13,3533.21
2025-10-23,STN07,Amritsar (Golden Temple),31.62,74.88,50.89,98.88,14.63,1.0,3.09,5166.7
2025-10-23,STN08,Hisar (HAU),29.15,75.7,71.79,134.47,9.2,1.0,4.99,2219.06
2025-10-23,STN09,Lucknow (Lalbagh),26.85,80.93,45.03,100.83,2.49,2.49,2.08,236.61
2025-10-23,STN10,Hyderabad (Sanathnagar),17.45,78.43,35.2,61.35,2.0,3.07,1.14,301.62
2025-10-23,STN11,Guwahati (IIT),26.18,91.69,23.19,95.02,2.71,2.55,1.06,218.65
2025-10-23,STN12,Jaipur (Shastri Nagar),26.93,75.8,39.71,113.06,9.4,1.0,1.21,276.09
2025-10-24,STN01,Delhi (RK Puram),28.56,77.18,185.49,316.34,60.45,2.76,16.14,66941.86
2025-10-24,STN02,Patna (IGSC),25.61,85.12,50.46,98.44,2.0,3.13,2.02,287.82
2025-10-24,STN03,Mumbai (Bandra),19.05,72.82,29.08,70.91,57.58,1.0,1.51,4812.12
2025-10-24,STN04,Bengaluru (Kengeri),12.91,77.48,8.94,31.32,2.0,1.0,0.81,375.68
2025-10-24,STN05,Chennai (Adayar),13.01,80.25,17.12,58.47,19.75,2.48,0.7,2814.72
2025-10-24,STN06,Kolkata (Victoria),22.54,88.34,41.72,93.05,41.19,1.53,1.24,3585.63
2025-10-24,STN07,Amritsar (Golden Temple),31.62,74.88,64.01,167.5,22.8,4.11,4.39,11699.84
2025-10-24,STN08,Hisar (HAU),29.15,75.7,110.11,222.35,5.59,1.0,8.82,5357.34
2025-10-24,STN09,Lucknow (Lalbagh),26.85,80.93,35.71,71.83,2.0,1.0,1.25,289.24
2025-10-24,STN10,Hyderabad (Sanathnagar),17.45,78.43,23.4,64.65,2.0,3.65,1.41,325.44
2025-10-24,STN11,Guwahati (IIT),26.18,91.69,21.49,64.09,2.0,1.0,0.48,287.97
2025-10-24,STN12,Jaipur (Shastri Nagar),26.93,75.8,50.88,128.52,2.0,1.0,1.38,345.02
2025-10-25,STN01,Delhi (RK Puram),28.56,77.18,241.73,405.04,68.35,1.0,19.81,92048.82
2025-10-25,STN02,Patna (IGSC),25.61,85.12,35.5,72.99,2.0,1.0,1.91,294.86
2025-10-25,STN03,Mumbai (Bandra),19.05,72.82,31.76,67.17,49.2,1.0,1.46,4563.64
2025-10-25,STN04,Bengaluru (Kengeri),12.91,77.48,12.81,34.9,2.0,1.0,1.09,265.8
2025-10-25,STN05,Chennai (Adayar),13.01,80.25,27.32,68.35,28.9,1.0,1.06,3183.33
2025-10-25,STN06,Kolkata (Victoria),22.54,88.34,32.09,79.17,39.21,5.28,1.72,3980.19
2025-10-25,STN07,Amritsar (Golden Temple),31.62,74.88,65.53,133.96,28.5,1.67,4.15,15935.94
2025-10-25,STN08,Hisar (HAU),29.15,75.7,100.19,211.96,2.0,1.0,8.55,3426.23
2025-10-25,STN09,Lucknow (Lalbagh),26.85,80.93,54.28,124.77,7.61,1.0,2.14,227.12
2025-10-25,STN10,Hyderabad (Sanathnagar),17.45,78.43,56.93,104.03,2.0,2.65,1.44,302.26
2025-10-25,STN11,Guwahati (IIT),26.18,91.69,37.56,85.02,8.15,1.0,0.81,224.99
2025-10-25,STN12,Jaipur (Shastri Nagar),26.93,75.8,41.57,131.54,2.0,1.0,1.57,423.6
2025-10-26,STN01,Delhi (RK Puram),28.56,77.18,312.99,518.88,70.18,1.79,26.81,120289.57
2025-10-26,STN02,Patna (IGSC),25.61,85.12,42.54,107.44,8.06,1.0,1.76,394.75
2025-10-26,STN03,Mumbai (Bandra),19.05,72.82,11.1,50.65,45.55,1.0,1.63,4420.8
2025-10-26,STN04,Bengaluru (Kengeri),12.91,77.48,30.49,81.05,12.02,1.0,0.86,301.62
2025-10-26,STN05,Chennai (Adayar),13.01,80.25,10.3,39.75,17.38,1.0,0.74,2698.31
2025-10-26,STN06,Kolkata (Victoria),22.54,88.34,39.86,84.52,28.89,1.0,1.47,3520.84
2025-10-26,STN07,Amritsar (Golden Temple),31.62,74.88,93.74,190.0,36.39,5.15,5.24,24940.65
2025-10-26,STN08,Hisar (HAU),29.15,75.7,123.45,239.19,6.05,1.0,10.27,7138.7
2025-10-26,STN09,Lucknow (Lalbagh),26.85,80.93,41.52,101.16,3.4,1.0,1.62,161.06
2025-10-26,STN10,Hyderabad (Sanathnagar),17.45,78.43,26.1,45.77,2.0,1.0,1.43,312.93
2025-10-26,STN11,Guwahati (IIT),26.18,91.69,24.43,36.25,3.64,1.0,0.85,224.39
2025-10-26,STN12,Jaipur (Shastri Nagar),26.93,75.8,47.77,107.31,4.93,1.5,2.02,304.91
2025-10-27,STN01,Delhi (RK Puram),28.56,77.18,313.05,535.07,70.43,1.0,28.32,136186.2
2025-10-27,STN02,Patna (IGSC),25.61,85.12,53.55,99.76,5.54,1.0,1.52,448.09
2025-10-27,STN03,Mumbai (Bandra),19.05,72.82,37.08,77.41,54.37,1.0,1.38,4198.66
2025-10-27,STN04,Bengaluru (Kengeri),12.91,77.48,28.84,87.02,2.77,1.0,1.05,271.65
2025-10-27,STN05,Chennai (Adayar),13.01,80.25,11.21,16.21,12.05,1.77,0.96,2573.32
2025-10-27,STN06,Kolkata (Victoria),22.54,88.34,21.47,58.96,37.23,1.0,1.46,3729.39
2025-10-27,STN07,Amritsar (Golden Temple),31.62,74.88,72.6,148.25,46.72,9.36,5.32,29721.72
2025-10-27,STN08,Hisar (HAU),29.15,75.7,158.88,306.72,4.66,1.37,14.2,9397.43
2025-10-27,STN09,Lucknow (Lalbagh),26.85,80.93,59.51,115.4,2.0,1.0,1.41,264.74
2025-10-27,STN10,Hyderabad (Sanathnagar),17.45,78.43,28.01,73.08,2.0,1.0,1.57,267.53
2025-10-27,STN11,Guwahati (IIT),26.18,91.69,31.71,72.47,2.0,1.38,0.97,201.89
2025-10-27,STN12,Jaipur (Shastri Nagar),26.93,75.8,58.14,160.57,4.83,2.01,2.52,709.51
2025-10-28,STN01,Delhi (RK Puram),28.56,77.18,359.45,602.7,74.71,3.24,34.24,151756.29
2025-10-28,STN02,Patna (IGSC),25.61,85.12,49.92,112.65,3.23,1.0,1.8,261.31
2025-10-28,STN03,Mumbai (Bandra),19.05,72.82,30.7,67.52,47.65,1.15,1.67,4595.76
2025-10-28,STN04,Bengaluru (Kengeri),12.91,77.48,31.94,37.93,2.0,1.0,1.19,301.93
2025-10-28,STN05,Chennai (Adayar),13.01,80.25,30.13,62.65,17.64,1.0,1.29,2672.86
2025-10-28,STN06,Kolkata (Victoria),22.54,88.34,46.0,111.43,33.46,1.0,1.35,4040.65
2025-10-28,STN07,Amritsar (Golden Temple),31.62,74.88,65.37,143.66,49.64,7.62,6.27,42600.69
2025-10-28,STN08,Hisar (HAU),29.15,75.7,152.67,289.42,4.57,1.0,13.83,10250.64
2025-10-28,STN09,Lucknow (Lalbagh),26.85,80.93,57.99,122.3,2.91,1.0,1.79,277.17
2025-10-28,STN10,Hyderabad (Sanathnagar),17.45,78.43,33.92,59.69,2.0,1.0,1.41,321.71
2025-10-28,STN11,Guwahati (IIT),26.18,91.69,33.35,103.78,2.0,2.97,1.08,188.97
2025-10-28,STN12,Jaipur (Shastri Nagar),26.93,75.8,60.15,150.83,2.0,2.84,2.1,824.11
2025-10-29,STN01,Delhi (RK Puram),28.56,77.18,418.63,686.01,60.62,1.0,37.34,177575.77
2025-10-29,STN02,Patna (IGSC),25.61,85.12,60.51,171.45,2.0,2.72,1.61,215.06
2025-10-29,STN03,Mumbai (Bandra),19.05,72.82,37.65,89.02,58.12,1.0,1.27,4512.88
2025-10-29,STN04,Bengaluru (Kengeri),12.91,77.48,12.24,76.92,2.0,1.52,0.73,251.12
2025-10-29,STN05,Chennai (Adayar),13.01,80.25,19.01,74.24,23.19,1.88,0.73,2637.14
2025-10-29,STN06,Kolkata (Victoria),22.54,88.34,35.39,74.24,45.4,1.0,1.6,4095.4
2025-10-29,STN07,Amritsar (Golden Temple),31.62,74.88,109.81,195.95,47.44,7.48,8.4,61141.81
2025-10-29,STN08,Hisar (HAU),29.15,75.7,206.32,384.02,2.0,1.0,20.31,15370.08
2025-10-29,STN09,Lucknow (Lalbagh),26.85,80.93,40.55,93.75,2.0,3.06,1.65,211.69
2025-10-29,STN10,Hyderabad (Sanathnagar),17.45,78.43,53.57,119.52,2.0,1.0,1.07,345.19
2025-10-29,STN11,Guwahati (IIT),26.18,91.69,37.81,71.38,2.0,3.51,1.14,172.3
2025-10-29,STN12,Jaipur (Shastri Nagar),26.93,75.8,46.87,145.31,5.87,1.64,3.18,853.23
2025-10-30,STN01,Delhi (RK Puram),28.56,77.18,476.42,790.67,69.11,1.0,43.51,199238.24
2025-10-30,STN02,Patna (IGSC),25.61,85.12,33.99,79.18,8.4,1.0,1.79,196.46
2025-10-30,STN03,Mumbai (Bandra),19.05,72.82,54.46,123.75,42.15,1.0,1.72,4411.6
2025-10-30,STN04,Bengaluru (Kengeri),12.91,77.48,15.02,34.72,2.7,1.0,1.04,315.85
2025-10-30,STN05,Chennai (Adayar),13.01,80.25,22.53,79.15,17.3,6.15,1.0,3764.67
2025-10-30,STN06,Kolkata (Victoria),22.54,88.34,27.37,67.03,35.63,1.0,1.95,4513.65
2025-10-30,STN07,Amritsar (Golden Temple),31.62,74.88,91.51,165.61,62.4,9.16,7.53,61883.17
2025-10-30,STN08,Hisar (HAU),29.15,75.7,244.5,438.51,5.45,1.18,21.36,18388.47
2025-10-30,STN09,Lucknow (Lalbagh),26.85,80.93,48.0,90.89,2.0,1.0,1.57,191.47
2025-10-30,STN10,Hyderabad (Sanathnagar),17.45,78.43,7.05,43.57,2.0,1.0,1.0,383.16
2025-10-30,STN11,Guwahati (IIT),26.18,91.69,5.0,34.32,2.62,1.0,1.05,267.17
2025-10-30,STN12,Jaipur (Shastri Nagar),26.93,75.8,39.15,103.39,2.0,1.0,2.75,811.55
2025-10-31,STN01,Delhi (RK Puram),28.56,77.18,508.01,840.87,64.63,1.0,46.29,206820.92
2025-10-31,STN02,Patna (IGSC),25.61,85.12,29.25,58.11,3.78,1.0,1.71,318.42
2025-10-31,STN03,Mumbai (Bandra),19.05,72.82,32.02,51.84,53.85,1.9,1.63,4331.15
2025-10-31,STN04,Bengaluru (Kengeri),12.91,77.48,14.03,57.92,2.0,1.0,1.14,289.59
2025-10-31,STN05,Chennai (Adayar),13.01,80.25,23.0,48.76,22.66,1.0,0.67,2455.03
2025-10-31,STN06,Kolkata (Victoria),22.54,88.34,47.56,66.78,45.69,1.04,1.71,5352.78
2025-10-31,STN07,Amritsar (Golden Temple),31.62,74.88,116.97,220.18,59.47,6.05,9.52,85824.54
2025-10-31,STN08,Hisar (HAU),29.15,75.7,208.27,401.47,4.7,1.0,18.12,17373.62
2025-10-31,STN09,Lucknow (Lalbagh),26.85,80.93,51.92,90.24,2.0,1.11,1.65,276.98
2025-10-31,STN10,Hyderabad (Sanathnagar),17.45,78.43,45.93,100.92,2.0,1.0,1.38,287.44
2025-10-31,STN11,Guwahati (IIT),26.18,91.69,34.01,78.29,3.98,1.0,0.87,189.04
2025-10-31,STN12,Jaipur (Shastri Nagar),26.93,75.8,47.76,123.24,2.0,1.0,2.87,850.18
2025-11-01,STN01,Delhi (RK Puram),28.56,77.18,533.18,866.11,75.09,1.73,51.86,250340.41
2025-11-01,STN02,Patna (IGSC),25.61,85.12,45.8,75.65,4.55,1.0,1.97,279.09
2025-11-01,STN03,Mumbai (Bandra),19.05,72.82,35.2,73.58,52.23,1.0,1.73,4701.77
2025-11-01,STN04,Bengaluru (Kengeri),12.91,77.48,22.59,40.42,6.58,3.47,1.13,236.58
2025-11-01,STN05,Chennai (Adayar),13.01,80.25,20.35,43.26,20.28,1.0,1.24,3986.34
2025-11-01,STN06,Kolkata (Victoria),22.54,88.34,40.9,76.54,41.61,1.36,1.52,3682.2
2025-11-01,STN07,Amritsar (Golden Temple),31.62,74.88,116.11,211.77,72.2,10.74,7.62,71541.79
2025-11-01,STN08,Hisar (HAU),29.15,75.7,221.37,382.85,6.25,1.0,19.84,16446.39
2025-11-01,STN09,Lucknow (Lalbagh),26.85,80.93,39.86,107.55,3.36,1.0,1.65,256.92
2025-11-01,STN10,Hyderabad (Sanathnagar),17.45,78.43,24.78,84.67,2.0,1.0,1.25,214.04
2025-11-01,STN11,Guwahati (IIT),26.18,91.69,38.93,129.21,7.9,5.31,0.95,245.06
2025-11-01,STN12,Jaipur (Shastri Nagar),26.93,75.8,74.31,196.67,4.35,1.0,3.03,837.31
2025-11-02,STN01,Delhi (RK Puram),28.56,77.18,479.57,814.87,71.81,1.0,46.39,203736.31
2025-11-02,STN02,Patna (IGSC),25.61,85.12,60.27,105.23,5.4,1.0,1.75,275.25
2025-11-02,STN03,Mumbai (Bandra),19.05,72.82,36.06,85.03,48.51,1.0,1.51,4746.78
2025-11-02,STN04,Bengaluru (Kengeri),12.91,77.48,16.79,68.38,6.76,1.0,1.32,283.18
2025-11-02,STN05,Chennai (Adayar),13.01,80.25,29.77,73.4,18.21,1.45,1.11,2906.09
2025-11-02,STN06,Kolkata (Victoria),22.54,88.34,39.8,94.1,41.06,1.0,1.41,3858.27
2025-11-02,STN07,Amritsar (Golden Temple),31.62,74.88,107.73,230.91,70.36,8.65,9.29,98083.42
2025-11-02,STN08,Hisar (HAU),29.15,75.7,238.47,441.93,7.17,1.19,21.59,19729.79
2025-11-02,STN09,Lucknow (Lalbagh),26.85,80.93,47.25,112.01,2.0,2.99,1.5,198.04
2025-11-02,STN10,Hyderabad (Sanathnagar),17.45,78.43,51.98,130.28,2.0,1.0,1.4,326.88
2025-11-02,STN11,Guwahati (IIT),26.18,91.69,47.6,99.21,7.9,1.57,0.91,289.05
2025-11-02,STN12,Jaipur (Shastri Nagar),26.93,75.8,46.54,115.99,3.36,1.42,2.45,665.57
2025-11-03,STN01,Delhi (RK Puram),28.56,77.18,538.49,887.16,87.54,1.27,49.5,264592.47
2025-11-03,STN02,Patna (IGSC),25.61,85.12,65.54,150.48,9.31,4.22,1.78,258.72
2025-11-03,STN03,Mumbai (Bandra),19.05,72.82,43.98,91.86,56.44,1.0,1.74,5046.04
2025-11-03,STN04,Bengaluru (Kengeri),12.91,77.48,13.9,42.86,3.68,2.8,1.17,292.23
2025-11-03,STN05,Chennai (Adayar),13.01,80.25,29.67,98.35,25.87,1.0,1.06,3062.62
2025-11-03,STN06,Kolkata (Victoria),22.54,88.34,44.03,92.08,40.93,1.0,1.76,3899.77
2025-11-03,STN07,Amritsar (Golden Temple),31.62,74.88,110.25,209.55,83.86,12.48,10.1,105073.92
2025-11-03,STN08,Hisar (HAU),29.15,75.7,268.2,451.4,7.57,1.0,25.67,26461.79
2025-11-03,STN09,Lucknow (Lalbagh),26.85,80.93,32.07,109.31,4.97,3.81,1.42,227.17
2025-11-03,STN10,Hyderabad (Sanathnagar),17.45,78.43,32.41,79.14,2.0,1.0,1.14,297.79
2025-11-03,STN11,Guwahati (IIT),26.18,91.69,15.65,40.54,2.0,1.0,0.78,157.65
2025-11-03,STN12,Jaipur (Shastri Nagar),26.93,75.8,51.78,152.17,9.62,1.0,3.56,1072.48
2025-11-04,STN01,Delhi (RK Puram),28.56,77.18,611.27,1000.46,64.16,1.0,56.3,242881.96
2025-11-04,STN02,Patna (IGSC),25.61,85.12,39.98,86.56,10.85,2.18,1.92,310.37
2025-11-04,STN03,Mumbai (Bandra),19.05,72.82,35.87,69.4,58.64,1.0,1.31,4812.43
2025-11-04,STN04,Bengaluru (Kengeri),12.91,77.48,21.79,67.97,2.84,2.1,1.37,247.56
2025-11-04,STN05,Chennai (Adayar),13.01,80.25,16.73,57.99,18.98,1.0,0.76,2798.92
2025-11-04,STN06,Kolkata (Victoria),22.54,88.34,37.04,104.37,41.09,1.0,1.65,3815.92
2025-11-04,STN07,Amritsar (Golden Temple),31.62,74.88,132.18,244.54,79.71,11.19,10.23,110042.8
2025-11-04,STN08,Hisar (HAU),29.15,75.7,258.27,462.81,2.0,1.05,23.85,21504.35
2025-11-04,STN09,Lucknow (Lalbagh),26.85,80.93,45.28,108.08,6.48,1.0,1.55,175.63
2025-11-04,STN10,Hyderabad (Sanathnagar),17.45,78.43,21.92,104.03,2.0,1.0,1.25,294.68
2025-11-04,STN11,Guwahati (IIT),26.18,91.69,37.7,61.64,2.0,1.0,1.0,201.62
2025-11-04,STN12,Jaipur (Shastri Nagar),26.93,75.8,61.6,135.62,2.0,2.56,3.67,1211.2
2025-11-05,STN01,Delhi (RK Puram),28.56,77.18,667.3,1092.72,63.61,1.0,63.66,295018.68
2025-11-05,STN02,Patna (IGSC),25.61,85.12,44.14,127.67,6.43,1.0,1.59,242.17
2025-11-05,STN03,Mumbai (Bandra),19.05,72.82,49.18,83.86,58.58,3.0,1.79,4990.53
2025-11-05,STN04,Bengaluru (Kengeri),12.91,77.48,36.19,107.05,2.0,1.0,1.26,312.88
2025-11-05,STN05,Chennai (Adayar),13.01,80.25,19.57,48.14,21.7,1.0,0.78,2959.2
2025-11-05,STN06,Kolkata (Victoria),22.54,88.34,25.57,57.93,23.95,1.0,0.99,3904.77
2025-11-05,STN07,Amritsar (Golden Temple),31.62,74.88,125.32,217.41,84.83,11.19,8.63,95966.31
2025-11-05,STN08,Hisar (HAU),29.15,75.7,261.92,447.58,10.37,1.39,24.85,24322.85
2025-11-05,STN09,Lucknow (Lalbagh),26.85,80.93,19.91,86.49,2.0,1.87,1.82,303.67
2025-11-05,STN10,Hyderabad (Sanathnagar),17.45,78.43,33.02,101.09,5.1,1.0,1.23,293.09
2025-11-05,STN11,Guwahati (IIT),26.18,91.69,49.43,112.58,6.18,3.38,0.67,273.86
2025-11-05,STN12,Jaipur (Shastri Nagar),26.93,75.8,66.15,131.93,2.0,1.0,3.28,835.36
2025-11-06,STN01,Delhi (RK Puram),28.56,77.18,602.71,1002.67,59.3,1.0,56.41,240079.02
2025-11-06,STN02,Patna (IGSC),25.61,85.12,51.5,101.64,2.35,1.03,1.68,112.92
2025-11-06,STN03,Mumbai (Bandra),19.05,72.82,54.33,113.55,47.22,1.0,1.28,4764.09
2025-11-06,STN04,Bengaluru (Kengeri),12.91,77.48,25.23,55.01,5.0,1.64,1.07,266.86
2025-11-06,STN05,Chennai (Adayar),13.01,80.25,40.54,51.07,25.24,1.55,0.72,3190.92
2025-11-06,STN06,Kolkata (Victoria),22.54,88.34,53.66,118.36,43.94,1.53,1.94,4398.13
2025-11-06,STN07,Amritsar (Golden Temple),31.62,74.88,122.71,243.9,82.56,9.82,8.61,98754.21
2025-11-06,STN08,Hisar (HAU),29.15,75.7,299.74,508.87,10.55,2.18,27.41,25085.61
2025-11-06,STN09,Lucknow (Lalbagh),26.85,80.93,57.54,135.87,2.0,4.6,2.41,215.39
2025-11-06,STN10,Hyderabad (Sanathnagar),17.45,78.43,40.27,80.55,2.0,1.0,1.44,263.31
2025-11-06,STN11,Guwahati (IIT),26.18,91.69,28.97,86.68,2.0,1.91,0.47,224.89
2025-11-06,STN12,Jaipur (Shastri Nagar),26.93,75.8,65.8,165.1,3.94,1.0,3.66,1078.38
2025-11-07,STN01,Delhi (RK Puram),28.56,77.18,623.47,1042.92,81.14,1.0,59.52,270277.04
2025-11-07,STN02,Patna (IGSC),25.61,85.12,56.87,99.98,2.0,1.38,1.38,267.2
2025-11-07,STN03,Mumbai (Bandra),19.05,72.82,44.35,82.43,54.82,1.0,1.53,4644.36
2025-11-07,STN04,Bengaluru (Kengeri),12.91,77.48,20.34,51.85,2.0,1.0,1.36,237.47
2025-11-07,STN05,Chennai (Adayar),13.01,80.25,25.05,78.34,22.15,4.15,0.87,3166.14
2025-11-07,STN06,Kolkata (Victoria),22.54,88.34,23.83,80.28,36.5,1.0,1.3,3404.67
2025-11-07,STN07,Amritsar (Golden Temple),31.62,74.88,131.89,234.54,76.05,10.49,10.27,114429.03
2025-11-07,STN08,Hisar (HAU),29.15,75.7,238.65,413.57,7.62,1.0,22.87,23726.03
2025-11-07,STN09,Lucknow (Lalbagh),26.85,80.93,59.28,118.58,3.05,1.0,1.74,201.02
2025-11-07,STN10,Hyderabad (Sanathnagar),17.45,78.43,25.68,68.18,2.0,1.0,0.72,220.68
2025-11-07,STN11,Guwahati (IIT),26.18,91.69,35.75,98.72,2.0,1.81,0.67,290.25
2025-11-07,STN12,Jaipur (Shastri Nagar),26.93,75.8,70.07,151.98,10.52,1.23,3.12,634.29
2025-11-08,STN01,Delhi (RK Puram),28.56,77.18,505.37,828.82,74.79,2.8,47.76,231854.15
2025-11-08,STN02,Patna (IGSC),25.61,85.12,65.5,141.51,10.42,1.0,1.81,220.15
2025-11-08,STN03,Mumbai (Bandra),19.05,72.82,13.13,28.56,47.32,1.0,1.8,4556.09
2025-11-08,STN04,Bengaluru (Kengeri),12.91,77.48,17.77,58.51,3.42,4.17,1.12,319.32
2025-11-08,STN05,Chennai (Adayar),13.01,80.25,19.95,25.85,16.02,1.0,1.03,3058.25
2025-11-08,STN06,Kolkata (Victoria),22.54,88.34,58.97,108.71,27.64,2.57,1.64,3744.95
2025-11-08,STN07,Amritsar (Golden Temple),31.62,74.88,146.86,260.43,72.92,12.69,11.18,133009.16
2025-11-08,STN08,Hisar (HAU),29.15,75.7,259.03,451.45,2.0,1.85,23.95,26407.95
2025-11-08,STN09,Lucknow (Lalbagh),26.85,80.93,63.77,121.07,2.0,1.0,1.69,213.81
2025-11-08,STN10,Hyderabad (Sanathnagar),17.45,78.43,36.58,74.17,2.24,1.64,1.3,298.15
2025-11-08,STN11,Guwahati (IIT),26.18,91.69,27.38,64.86,2.0,2.78,1.28,251.82
2025-11-08,STN12,Jaipur (Shastri Nagar),26.93,75.8,49.98,166.39,13.76,1.0,2.73,839.92
2025-11-09,STN01,Delhi (RK Puram),28.56,77.18,664.45,1112.11,74.22,3.53,61.88,296017.17
2025-11-09,STN02,Patna (IGSC),25.61,85.12,43.03,116.23,2.0,1.0,1.78,254.9
2025-11-09,STN03,Mumbai (Bandra),19.05,72.82,41.09,99.88,40.4,1.0,1.63,4268.86
2025-11-09,STN04,Bengaluru (Kengeri),12.91,77.48,30.77,49.38,2.0,1.0,1.04,289.01
2025-11-09,STN05,Chennai (Adayar),13.01,80.25,27.01,76.66,18.18,2.75,0.86,3127.0
2025-11-09,STN06,Kolkata (Victoria),22.54,88.34,38.36,85.8,36.85,1.0,1.47,3511.09
2025-11-09,STN07,Amritsar (Golden Temple),31.62,74.88,129.3,249.53,75.89,14.21,10.12,112377.7
2025-11-09,STN08,Hisar (HAU),29.15,75.7,338.41,561.87,2.0,1.0,29.17,28251.2
2025-11-09,STN09,Lucknow (Lalbagh),26.85,80.93,50.82,109.71,2.0,1.0,2.07,179.63
2025-11-09,STN10,Hyderabad (Sanathnagar),17.45,78.43,15.38,45.33,3.34,1.0,1.21,330.49
2025-11-09,STN11,Guwahati (IIT),26.18,91.69,33.06,78.35,2.0,5.69,0.79,160.78
2025-11-09,STN12,Jaipur (Shastri Nagar),26.93,75.8,80.83,208.12,2.0,1.0,4.85,1179.94
2025-11-10,STN01,Delhi (RK Puram),28.56,77.18,623.43,1036.4,72.94,1.01,58.59,274661.91
2025-11-10,STN02,Patna (IGSC),25.61,85.12,55.28,110.71,6.01,1.79,1.87,278.19
2025-11-10,STN03,Mumbai (Bandra),19.05,72.82,41.4,114.43,53.46,3.37,1.44,4872.31
2025-11-10,STN04,Bengaluru (Kengeri),12.91,77.48,34.52,61.46,15.62,1.0,1.27,284.39
2025-11-10,STN05,Chennai (Adayar),13.01,80.25,19.67,62.27,27.88,1.0,1.37,3051.57
2025-11-10,STN06,Kolkata (Victoria),22.54,88.34,37.76,105.12,37.33,1.0,1.56,3881.93
2025-11-10,STN07,Amritsar (Golden Temple),31.62,74.88,116.08,222.49,82.74,11.94,9.26,106553.67
2025-11-10,STN08,Hisar (HAU),29.15,75.7,278.81,478.96,2.0,1.0,25.57,27197.59
2025-11-10,STN09,Lucknow (Lalbagh),26.85,80.93,71.01,173.96,3.17,1.0,1.62,127.91
2025-11-10,STN10,Hyderabad (Sanathnagar),17.45,78.43,47.11,92.5,2.0,1.97,0.89,226.42
2025-11-10,STN11,Guwahati (IIT),26.18,91.69,27.96,66.4,2.0,1.07,1.07,183.76
2025-11-10,STN12,Jaipur (Shastri Nagar),26.93,75.8,66.91,156.78,2.0,1.0,3.15,993.2
2025-11-11,STN01,Delhi (RK Puram),28.56,77.18,613.6,1030.35,74.41,1.0,58.22,288828.76
2025-11-11,STN02,Patna (IGSC),25.61,85.12,46.69,143.31,2.0,1.0,1.67,267.07
2025-11-11,STN03,Mumbai (Bandra),19.05,72.82,46.66,99.0,55.85,1.0,1.65,4718.73
2025-11-11,STN04,Bengaluru (Kengeri),12.91,77.48,35.64,87.63,10.43,1.0,1.55,272.42
2025-11-11,STN05,Chennai (Adayar),13.01,80.25,21.8,46.04,20.87,1.0,1.29,3095.84
2025-11-11,STN06,Kolkata (Victoria),22.54,88.34,61.07,155.47,39.84,1.0,1.39,3963.16
2025-11-11,STN07,Amritsar (Golden Temple),31.62,74.88,138.75,265.24,77.99,13.29,9.55,105006.01
2025-11-11,STN08,Hisar (HAU),29.15,75.7,305.6,529.61,9.23,1.0,26.37,24104.29
2025-11-11,STN09,Lucknow (Lalbagh),26.85,80.93,43.65,104.48,2.0,1.0,1.66,421.42
2025-11-11,STN10,Hyderabad (Sanathnagar),17.45,78.43,37.59,85.68,6.43,1.0,0.93,310.18
2025-11-11,STN11,Guwahati (IIT),26.18,91.69,33.19,73.41,2.0,1.0,1.04,211.14
2025-11-11,STN12,Jaipur (Shastri Nagar),26.93,75.8,75.4,170.16,2.0,1.0,3.81,828.97
2025-11-12,STN01,Delhi (RK Puram),28.56,77.18,563.65,901.76,64.9,1.0,53.47,250541.54
2025-11-12,STN02,Patna (IGSC),25.61,85.12,46.04,90.03,9.69,1.0,1.64,125.8
2025-11-12,STN03,Mumbai (Bandra),19.05,72.82,37.22,62.87,62.61,1.0,1.34,5776.32
2025-11-12,STN04,Bengaluru (Kengeri),12.91,77.48,52.17,128.1,2.0,1.0,1.51,280.98
2025-11-12,STN05,Chennai (Adayar),13.01,80.25,10.48,32.13,26.13,1.35,1.0,3269.22
2025-11-12,STN06,Kolkata (Victoria),22.54,88.34,24.93,60.47,47.88,1.0,1.19,3648.34
2025-11-12,STN07,Amritsar (Golden Temple),31.62,74.88,138.95,249.12,68.84,11.02,11.43,120697.32
2025-11-12,STN08,Hisar (HAU),29.15,75.7,244.23,435.8,2.0,1.0,22.79,21329.16
2025-11-12,STN09,Lucknow (Lalbagh),26.85,80.93,45.0,128.36,2.04,1.0,1.97,206.79
2025-11-12,STN10,Hyderabad (Sanathnagar),17.45,78.43,46.45,86.85,2.0,1.0,0.84,266.86
2025-11-12,STN11,Guwahati (IIT),26.18,91.69,41.04,90.2,5.71,1.14,0.86,231.39
2025-11-12,STN12,Jaipur (Shastri Nagar),26.93,75.8,68.87,183.28,2.0,1.0,3.5,928.22
2025-11-13,STN01,Delhi (RK Puram),28.56,77.18,565.79,943.68,85.97,1.22,52.18,279477.63
2025-11-13,STN02,Patna (IGSC),25.61,85.12,67.25,122.22,11.19,1.01,1.53,265.35
2025-11-13,STN03,Mumbai (Bandra),19.05,72.82,51.1,98.74,51.1,5.02,1.55,5150.45
2025-11-13,STN04,Bengaluru (Kengeri),12.91,77.48,25.41,42.35,7.7,1.0,1.41,292.49
2025-11-13,STN05,Chennai (Adayar),13.01,80.25,47.22,91.33,15.27,1.24,0.98,3141.94
2025-11-13,STN06,Kolkata (Victoria),22.54,88.34,39.37,79.95,42.27,1.0,1.79,4259.51
2025-11-13,STN07,Amritsar (Golden Temple),31.62,74.88,113.4,206.27,80.64,11.67,9.14,89266.76
2025-11-13,STN08,Hisar (HAU),29.15,75.7,272.69,463.57,4.39,1.72,23.27,24628.41
2025-11-13,STN09,Lucknow (Lalbagh),26.85,80.93,56.13,139.12,2.39,1.0,1.52,214.18
2025-11-13,STN10,Hyderabad (Sanathnagar),17.45,78.43,35.52,76.45,3.96,1.0,1.0,265.65
2025-11-13,STN11,Guwahati (IIT),26.18,91.69,40.74,93.59,3.59,1.0,1.1,226.78
2025-11-13,STN12,Jaipur (Shastri Nagar),26.93,75.8,50.32,126.77,2.0,2.05,2.99,927.15
2025-11-14,STN01,Delhi (RK Puram),28.56,77.18,509.47,814.76,78.67,1.0,46.29,256325.25
2025-11-14,STN02,Patna (IGSC),25.61,85.12,50.99,109.25,2.0,1.0,2.1,274.16
2025-11-14,STN03,Mumbai (Bandra),19.05,72.82,23.54,66.23,52.76,1.59,1.58,4717.93
2025-11-14,STN04,Bengaluru (Kengeri),12.91,77.48,41.33,81.57,12.32,1.0,1.34,336.68
2025-11-14,STN05,Chennai (Adayar),13.01,80.25,31.37,62.15,24.97,1.0,1.36,3007.31
2025-11-14,STN06,Kolkata (Victoria),22.54,88.34,48.14,80.64,46.98,3.28,1.4,3419.04
2025-11-14,STN07,Amritsar (Golden Temple),31.62,74.88,126.11,272.35,72.51,8.86,9.06,88872.23
2025-11-14,STN08,Hisar (HAU),29.15,75.7,261.46,471.71,10.16,1.0,23.55,24393.48
2025-11-14,STN09,Lucknow (Lalbagh),26.85,80.93,49.5,105.6,2.0,1.0,1.67,302.94
2025-11-14,STN10,Hyderabad (Sanathnagar),17.45,78.43,30.54,46.88,7.65,1.0,1.08,259.03
2025-11-14,STN11,Guwahati (IIT),26.18,91.69,28.33,75.91,2.0,1.0,0.58,173.29
2025-11-14,STN12,Jaipur (Shastri Nagar),26.93,75.8,39.58,112.76,4.67,1.0,2.96,625.5
2025-11-15,STN01,Delhi (RK Puram),28.56,77.18,494.16,801.04,73.99,1.42,46.19,234580.72
2025-11-15,STN02,Patna (IGSC),25.61,85.12,43.73,85.29,10.05,1.53,1.72,288.88
2025-11-15,STN03,Mumbai (Bandra),19.05,72.82,33.81,88.2,65.69,3.68,1.75,5480.65
2025-11-15,STN04,Bengaluru (Kengeri),12.91,77.48,29.22,68.52,2.0,1.0,1.39,281.81
2025-11-15,STN05,Chennai (Adayar),13.01,80.25,8.03,13.03,10.55,1.0,1.37,2908.9
2025-11-15,STN06,Kolkata (Victoria),22.54,88.34,63.17,158.27,41.05,2.36,1.81,4065.54
2025-11-15,STN07,Amritsar (Golden Temple),31.62,74.88,119.85,243.16,65.34,9.21,8.03,72863.47
2025-11-15,STN08,Hisar (HAU),29.15,75.7,236.03,417.22,2.0,1.0,21.14,18157.41
2025-11-15,STN09,Lucknow (Lalbagh),26.85,80.93,40.99,114.3,2.85,1.0,2.21,149.1
2025-11-15,STN10,Hyderabad (Sanathnagar),17.45,78.43,23.27,68.04,2.0,1.0,1.45,301.81
2025-11-15,STN11,Guwahati (IIT),26.18,91.69,36.02,91.65,2.0,1.0,0.3,164.85
2025-11-15,STN12,Jaipur (Shastri Nagar),26.93,75.8,70.17,170.37,2.0,1.93,2.55,845.67
2025-11-16,STN01,Delhi (RK Puram),28.56,77.18,431.35,731.08,82.3,1.0,40.87,206227.67
2025-11-16,STN02,Patna (IGSC),25.61,85.12,62.32,152.12,3.16,1.4,1.94,187.74
2025-11-16,STN03,Mumbai (Bandra),19.05,72.82,47.8,105.36,58.7,1.24,1.58,5037.74
2025-11-16,STN04,Bengaluru (Kengeri),12.91,77.48,30.62,73.99,2.55,1.0,0.81,246.89
2025-11-16,STN05,Chennai (Adayar),13.01,80.25,23.92,41.8,7.92,1.0,1.04,2690.02
2025-11-16,STN06,Kolkata (Victoria),22.54,88.34,51.13,120.85,43.07,1.0,1.96,4036.51
2025-11-16,STN07,Amritsar (Golden Temple),31.62,74.88,121.0,244.63,55.52,11.05,8.87,70526.31
2025-11-16,STN08,Hisar (HAU),29.15,75.7,185.75,319.13,4.65,2.81,17.63,14125.19
2025-11-16,STN09,Lucknow (Lalbagh),26.85,80.93,50.07,132.45,2.0,2.37,2.3,230.77
2025-11-16,STN10,Hyderabad (Sanathnagar),17.45,78.43,29.96,67.86,2.34,3.66,0.94,289.11
2025-11-16,STN11,Guwahati (IIT),26.18,91.69,37.71,89.93,2.0,1.92,0.72,137.67
2025-11-16,STN12,Jaipur (Shastri Nagar),26.93,75.8,62.94,152.57,2.0,1.07,3.06,671.18
2025-11-17,STN01,Delhi (RK Puram),28.56,77.18,352.39,605.91,74.85,1.0,30.76,147072.1
2025-11-17,STN02,Patna (IGSC),25.61,85.12,48.7,92.26,2.0,1.0,1.61,187.66
2025-11-17,STN03,Mumbai (Bandra),19.05,72.82,34.32,63.37,65.2,1.0,1.89,4948.63
2025-11-17,STN04,Bengaluru (Kengeri),12.91,77.48,19.4,31.02,2.43,1.62,1.04,271.13
2025-11-17,STN05,Chennai (Adayar),13.01,80.25,20.65,45.06,17.66,1.0,0.87,3243.23
2025-11-17,STN06,Kolkata (Victoria),22.54,88.34,52.39,126.77,43.44,2.93,1.37,3918.51
2025-11-17,STN07,Amritsar (Golden Temple),31.62,74.88,122.73,225.33,47.52,3.99,8.2,59228.89
2025-11-17,STN08,Hisar (HAU),29.15,75.7,172.88,326.41,2.0,1.0,15.33,11745.32
2025-11-17,STN09,Lucknow (Lalbagh),26.85,80.93,68.02,121.43,9.35,1.75,1.64,219.43
2025-11-17,STN10,Hyderabad (Sanathnagar),17.45,78.43,37.33,93.6,2.0,1.0,1.65,347.58
2025-11-17,STN11,Guwahati (IIT),26.18,91.69,44.01,109.39,3.39,1.0,0.75,147.21
2025-11-17,STN12,Jaipur (Shastri Nagar),26.93,75.8,38.37,115.91,2.0,1.89,2.55,675.07
2025-11-18,STN01,Delhi (RK Puram),28.56,77.18,381.78,638.37,80.03,1.0,33.28,175613.5
2025-11-18,STN02,Patna (IGSC),25.61,85.12,66.74,145.46,2.0,2.31,2.16,163.15
2025-11-18,STN03,Mumbai (Bandra),19.05,72.82,40.69,95.96,58.13,1.0,1.62,4973.21
2025-11-18,STN04,Bengaluru (Kengeri),12.91,77.48,45.1,95.49,2.0,1.0,1.2,275.74
2025-11-18,STN05,Chennai (Adayar),13.01,80.25,17.99,48.21,9.2,1.0,1.1,2692.51
2025-11-18,STN06,Kolkata (Victoria),22.54,88.34,50.67,115.41,37.35,1.92,1.35,3881.25
2025-11-18,STN07,Amritsar (Golden Temple),31.62,74.88,94.56,168.59,48.71,5.2,6.52,44692.39
2025-11-18,STN08,Hisar (HAU),29.15,75.7,190.22,347.13,6.26,1.0,16.32,12078.76
2025-11-18,STN09,Lucknow (Lalbagh),26.85,80.93,57.12,101.63,2.92,1.0,1.61,233.69
2025-11-18,STN10,Hyderabad (Sanathnagar),17.45,78.43,30.57,48.26,2.0,1.0,1.29,193.88
2025-11-18,STN11,Guwahati (IIT),26.18,91.69,50.28,125.98,2.0,3.57,1.09,272.05
2025-11-18,STN12,Jaipur (Shastri Nagar),26.93,75.8,47.27,135.18,2.0,1.0,2.29,530.86
2025-11-19,STN01,Delhi (RK Puram),28.56,77.18,345.68,599.58,77.7,2.41,29.55,144225.35
2025-11-19,STN02,Patna (IGSC),25.61,85.12,64.84,119.28,2.82,1.0,1.53,241.66
2025-11-19,STN03,Mumbai (Bandra),19.05,72.82,26.71,47.96,50.01,1.0,2.04,6099.19
2025-11-19,STN04,Bengaluru (Kengeri),12.91,77.48,39.41,103.0,2.0,1.0,0.99,382.93
2025-11-19,STN05,Chennai (Adayar),13.01,80.25,32.13,84.44,25.21,1.0,1.13,2833.06
2025-11-19,STN06,Kolkata (Victoria),22.54,88.34,45.47,85.43,45.04,1.0,1.71,3941.76
2025-11-19,STN07,Amritsar (Golden Temple),31.62,74.88,78.64,136.59,46.08,3.59,6.34,36237.33
2025-11-19,STN08,Hisar (HAU),29.15,75.7,151.99,282.69,7.82,1.0,12.8,9826.39
2025-11-19,STN09,Lucknow (Lalbagh),26.85,80.93,70.75,144.05,6.12,1.0,2.02,209.71
2025-11-19,STN10,Hyderabad (Sanathnagar),17.45,78.43,43.71,78.16,2.0,1.0,1.39,290.25
2025-11-19,STN11,Guwahati (IIT),26.18,91.69,21.85,70.71,2.0,1.0,0.57,209.16
2025-11-19,STN12,Jaipur (Shastri Nagar),26.93,75.8,44.86,167.54,2.0,1.0,2.07,588.63
2025-11-20,STN01,Delhi (RK Puram),28.56,77.18,292.42,522.92,69.63,1.0,24.5,112751.5
2025-11-20,STN02,Patna (IGSC),25.61,85.12,62.27,130.77,2.0,1.0,1.85,251.97
2025-11-20,STN03,Mumbai (Bandra),19.05,72.82,20.82,56.17,58.53,1.0,1.8,4796.62
2025-11-20,STN04,Bengaluru (Kengeri),12.91,77.48,36.3,43.76,9.4,1.0,1.11,263.82
2025-11-20,STN05,Chennai (Adayar),13.01,80.25,31.07,82.67,24.83,2.4,0.82,3081.13
2025-11-20,STN06,Kolkata (Victoria),22.54,88.34,52.48,104.5,47.66,1.0,1.22,4774.03
2025-11-20,STN07,Amritsar (Golden Temple),31.62,74.88,69.16,155.29,30.03,6.76,5.05,22813.9
2025-11-20,STN08,Hisar (HAU),29.15,75.7,150.96,290.27,2.0,2.86,12.47,7162.06
2025-11-20,STN09,Lucknow (Lalbagh),26.85,80.93,48.94,107.77,5.04,1.0,1.85,244.79
2025-11-20,STN10,Hyderabad (Sanathnagar),17.45,78.43,45.31,81.29,11.67,1.0,1.52,212.19
2025-11-20,STN11,Guwahati (IIT),26.18,91.69,36.48,73.02,3.03,1.81,1.1,244.94
2025-11-20,STN12,Jaipur (Shastri Nagar),26.93,75.8,48.42,124.66,6.15,1.0,1.95,583.83
2025-11-21,STN01,Delhi (RK Puram),28.56,77.18,238.36,435.13,92.42,1.0,19.07,106462.47
2025-11-21,STN02,Patna (IGSC),25.61,85.12,58.46,112.95,2.0,1.0,1.79,328.27
2025-11-21,STN03,Mumbai (Bandra),19.05,72.82,53.41,119.12,57.99,1.0,1.83,4867.66
2025-11-21,STN04,Bengaluru (Kengeri),12.91,77.48,41.53,83.4,2.0,1.0,1.04,276.29
2025-11-21,STN05,Chennai (Adayar),13.01,80.25,23.37,37.94,28.23,1.0,1.25,2991.81
2025-11-21,STN06,Kolkata (Victoria),22.54,88.34,46.68,97.2,52.13,1.0,1.55,3836.69
2025-11-21,STN07,Amritsar (Golden Temple),31.62,74.88,101.7,185.22,37.47,5.01,4.83,16931.8
2025-11-21,STN08,Hisar (HAU),29.15,75.7,140.4,271.79,3.3,1.0,9.45,6144.41
2025-11-21,STN09,Lucknow (Lalbagh),26.85,80.93,74.84,179.51,2.0,1.0,1.74,166.4
2025-11-21,STN10,Hyderabad (Sanathnagar),17.45,78.43,30.05,68.57,9.51,1.13,1.64,226.2
2025-11-21,STN11,Guwahati (IIT),26.18,91.69,20.03,62.9,2.0,1.0,1.01,152.97
2025-11-21,STN12,Jaipur (Shastri Nagar),26.93,75.8,44.07,132.56,3.32,2.23,1.29,445.93
2025-11-22,STN01,Delhi (RK Puram),28.56,77.18,172.76,307.4,75.69,1.0,13.45,67649.18
2025-11-22,STN02,Patna (IGSC),25.61,85.12,42.62,111.0,2.0,1.0,1.95,185.79
2025-11-22,STN03,Mumbai (Bandra),19.05,72.82,52.39,111.91,55.16,1.0,1.67,4968.32
2025-11-22,STN04,Bengaluru (Kengeri),12.91,77.48,41.24,102.45,4.06,2.6,1.16,299.66
2025-11-22,STN05,Chennai (Adayar),13.01,80.25,23.72,60.44,20.03,1.0,0.82,3061.19
2025-11-22,STN06,Kolkata (Victoria),22.54,88.34,63.53,157.4,43.12,1.0,1.76,4141.07
2025-11-22,STN07,Amritsar (Golden Temple),31.62,74.88,59.87,130.68,24.43,9.23,4.28,12273.24
2025-11-22,STN08,Hisar (HAU),29.15,75.7,98.04,204.32,6.8,2.54,7.25,4006.36
2025-11-22,STN09,Lucknow (Lalbagh),26.85,80.93,43.89,88.99,2.39,1.0,2.0,266.16
2025-11-22,STN10,Hyderabad (Sanathnagar),17.45,78.43,24.96,95.44,2.0,1.0,1.31,256.22
2025-11-22,STN11,Guwahati (IIT),26.18,91.69,28.33,48.99,2.17,1.0,0.93,162.77
2025-11-22,STN12,Jaipur (Shastri Nagar),26.93,75.8,26.58,106.86,2.0,1.0,1.52,328.91
2025-11-23,STN01,Delhi (RK Puram),28.56,77.18,167.22,277.87,82.09,3.42,12.3,66755.71
2025-11-23,STN02,Patna (IGSC),25.61,85.12,64.37,166.24,2.0,2.84,1.56,226.4
2025-11-23,STN03,Mumbai (Bandra),19.05,72.82,16.47,43.18,57.63,1.0,1.92,4761.95
2025-11-23,STN04,Bengaluru (Kengeri),12.91,77.48,31.63,89.3,2.0,5.13,1.67,186.95
2025-11-23,STN05,Chennai (Adayar),13.01,80.25,22.78,70.44,27.06,1.0,1.21,3253.32
2025-11-23,STN06,Kolkata (Victoria),22.54,88.34,35.64,68.42,40.05,2.27,1.76,3640.14
2025-11-23,STN07,Amritsar (Golden Temple),31.62,74.88,77.58,160.85,14.93,1.0,2.56,4500.82
2025-11-23,STN08,Hisar (HAU),29.15,75.7,78.58,170.67,2.0,1.0,5.23,2104.3
2025-11-23,STN09,Lucknow (Lalbagh),26.85,80.93,51.28,129.75,2.0,2.03,1.89,177.72
2025-11-23,STN10,Hyderabad (Sanathnagar),17.45,78.43,55.25,84.37,2.0,1.11,1.06,213.99
2025-11-23,STN11,Guwahati (IIT),26.18,91.69,37.55,81.91,12.73,3.62,1.04,203.77
2025-11-23,STN12,Jaipur (Shastri Nagar),26.93,75.8,40.32,139.26,2.0,2.24,1.42,349.94
2025-11-24,STN01,Delhi (RK Puram),28.56,77.18,112.4,221.99,82.2,1.0,7.01,35613.43
2025-11-24,STN02,Patna (IGSC),25.61,85.12,48.98,113.43,5.65,1.0,2.14,211.62
2025-11-24,STN03,Mumbai (Bandra),19.05,72.82,52.75,98.95,57.95,1.0,1.79,4682.99
2025-11-24,STN04,Bengaluru (Kengeri),12.91,77.48,34.01,95.85,2.0,1.4,0.96,219.97
2025-11-24,STN05,Chennai (Adayar),13.01,80.25,20.9,64.9,22.74,1.0,1.14,3394.42
2025-11-24,STN06,Kolkata (Victoria),22.54,88.34,50.05,129.42,56.69,1.0,1.57,4009.9
2025-11-24,STN07,Amritsar (Golden Temple),31.62,74.88,57.23,132.86,7.81,3.07,2.26,1700.95
2025-11-24,STN08,Hisar (HAU),29.15,75.7,49.06,91.93,6.86,2.84,3.43,1883.58
2025-11-24,STN09,Lucknow (Lalbagh),26.85,80.93,52.27,112.48,3.51,1.0,1.46,251.55
2025-11-24,STN10,Hyderabad (Sanathnagar),17.45,78.43,50.65,119.0,2.0,1.0,1.45,289.24
2025-11-24,STN11,Guwahati (IIT),26.18,91.69,26.9,40.93,2.0,1.0,0.93,219.91
2025-11-24,STN12,Jaipur (Shastri Nagar),26.93,75.8,35.99,112.2,4.18,1.0,1.35,250.78
2025-11-25,STN01,Delhi (RK Puram),28.56,77.18,63.22,111.27,79.43,1.0,2.1,4524.46
2025-11-25,STN02,Patna (IGSC),25.61,85.12,62.82,121.63,4.52,3.67,1.85,339.27
2025-11-25,STN03,Mumbai (Bandra),19.05,72.82,51.02,99.51,60.29,1.65,1.65,4878.16
2025-11-25,STN04,Bengaluru (Kengeri),12.91,77.48,35.24,93.73,3.4,1.0,0.67,243.69
2025-11-25,STN05,Chennai (Adayar),13.01,80.25,37.95,80.96,21.51,1.0,0.98,3013.73
2025-11-25,STN06,Kolkata (Victoria),22.54,88.34,35.9,95.39,49.09,1.0,1.79,4549.21
2025-11-25,STN07,Amritsar (Golden Temple),31.62,74.88,28.09,80.75,2.0,1.0,1.66,192.62
2025-11-25,STN08,Hisar (HAU),29.15,75.7,46.1,113.47,2.0,1.0,1.16,234.5
2025-11-25,STN09,Lucknow (Lalbagh),26.85,80.93,34.15,75.46,2.0,3.55,1.75,235.6
2025-11-25,STN10,Hyderabad (Sanathnagar),17.45,78.43,56.51,127.13,2.0,1.0,1.36,233.91
2025-11-25,STN11,Guwahati (IIT),26.18,91.69,33.46,94.96,2.63,1.0,0.91,218.28
2025-11-25,STN12,Jaipur (Shastri Nagar),26.93,75.8,35.83,116.7,6.62,1.0,1.37,184.49
2025-11-26,STN01,Delhi (RK Puram),28.56,77.18,50.23,106.09,82.81,1.45,2.33,4764.21
2025-11-26,STN02,Patna (IGSC),25.61,85.12,40.08,91.07,2.0,2.6,1.8,219.32
2025-11-26,STN03,Mumbai (Bandra),19.05,72.82,62.03,113.82,53.68,1.0,1.88,4789.78
2025-11-26,STN04,Bengaluru (Kengeri),12.91,77.48,13.53,47.04,2.0,2.54,1.19,308.1
2025-11-26,STN05,Chennai (Adayar),13.01,80.25,54.24,121.13,19.2,1.0,1.42,3186.65
2025-11-26,STN06,Kolkata (Victoria),22.54,88.34,35.14,66.29,40.23,2.13,1.54,3879.66
2025-11-26,STN07,Amritsar (Golden Temple),31.62,74.88,43.14,96.88,2.0,4.02,1.2,207.84
2025-11-26,STN08,Hisar (HAU),29.15,75.7,45.74,116.57,2.0,1.0,1.48,281.49
2025-11-26,STN09,Lucknow (Lalbagh),26.85,80.93,47.4,101.58,4.27,1.0,2.0,184.27
2025-11-26,STN10,Hyderabad (Sanathnagar),17.45,78.43,26.21,67.22,3.63,1.26,1.51,268.17
2025-11-26,STN11,Guwahati (IIT),26.18,91.69,42.92,84.19,5.67,1.0,1.37,183.44
2025-11-26,STN12,Jaipur (Shastri Nagar),26.93,75.8,50.54,131.93,2.0,1.0,1.15,240.24
2025-11-27,STN01,Delhi (RK Puram),28.56,77.18,65.26,153.3,75.16,3.47,2.04,4431.09
2025-11-27,STN02,Patna (IGSC),25.61,85.12,54.98,116.79,11.56,1.04,1.95,203.04
2025-11-27,STN03,Mumbai (Bandra),19.05,72.82,62.62,100.55,68.03,1.0,1.76,4982.42
2025-11-27,STN04,Bengaluru (Kengeri),12.91,77.48,35.82,72.24,2.0,3.6,1.2,303.69
2025-11-27,STN05,Chennai (Adayar),13.01,80.25,13.7,18.7,23.62,1.16,1.07,3020.4
2025-11-27,STN06,Kolkata (Victoria),22.54,88.34,48.63,110.92,52.19,1.85,1.32,4007.15
2025-11-27,STN07,Amritsar (Golden Temple),31.62,74.88,46.17,111.81,2.0,1.0,1.57,216.42
2025-11-27,STN08,Hisar (HAU),29.15,75.7,54.64,121.79,11.89,2.25,1.45,246.45
2025-11-27,STN09,Lucknow (Lalbagh),26.85,80.93,39.2,88.91,3.49,1.63,1.96,222.6
2025-11-27,STN10,Hyderabad (Sanathnagar),17.45,78.43,25.54,39.76,2.0,1.0,1.42,251.95
2025-11-27,STN11,Guwahati (IIT),26.18,91.69,43.79,75.77,2.0,1.2,0.86,200.36
2025-11-27,STN12,Jaipur (Shastri Nagar),26.93,75.8,27.61,71.47,10.18,1.0,1.4,163.36
2025-11-28,STN01,Delhi (RK Puram),28.56,77.18,42.4,95.48,89.32,4.13,2.52,4948.38
2025-11-28,STN02,Patna (IGSC),25.61,85.12,34.47,82.38,2.0,1.0,1.67,187.59
2025-11-28,STN03,Mumbai (Bandra),19.05,72.82,45.94,102.89,50.84,1.0,1.25,4365.1
2025-11-28,STN04,Bengaluru (Kengeri),12.91,77.48,39.73,67.7,2.0,1.0,0.95,172.73
2025-11-28,STN05,Chennai (Adayar),13.01,80.25,27.25,66.95,16.15,1.75,1.15,3076.45
2025-11-28,STN06,Kolkata (Victoria),22.54,88.34,49.25,106.32,51.88,1.0,1.7,4514.22
2025-11-28,STN07,Amritsar (Golden Temple),31.62,74.88,45.15,125.05,2.0,1.65,1.7,168.56
2025-11-28,STN08,Hisar (HAU),29.15,75.7,40.94,118.49,6.22,2.83,0.88,204.81
2025-11-28,STN09,Lucknow (Lalbagh),26.85,80.93,34.72,74.12,6.47,1.0,1.87,207.6
2025-11-28,STN10,Hyderabad (Sanathnagar),17.45,78.43,41.34,119.58,2.07,3.46,1.31,242.4
2025-11-28,STN11,Guwahati (IIT),26.18,91.69,41.78,100.28,3.41,1.1,1.01,272.16
2025-11-28,STN12,Jaipur (Shastri Nagar),26.93,75.8,56.15,144.95,9.39,1.0,0.99,263.57
2025-11-29,STN01,Delhi (RK Puram),28.56,77.18,89.7,196.36,89.7,1.0,2.15,5229.67
2025-11-29,STN02,Patna (IGSC),25.61,85.12,51.53,123.67,11.41,2.12,1.71,182.57
2025-11-29,STN03,Mumbai (Bandra),19.05,72.82,25.09,42.53,58.02,1.0,1.18,4518.93
2025-11-29,STN04,Bengaluru (Kengeri),12.91,77.48,22.83,58.89,6.55,1.0,0.87,298.06
2025-11-29,STN05,Chennai (Adayar),13.01,80.25,19.09,57.29,28.3,4.09,1.09,3004.25
2025-11-29,STN06,Kolkata (Victoria),22.54,88.34,45.65,97.65,49.74,1.0,1.33,4070.62
2025-11-29,STN07,Amritsar (Golden Temple),31.62,74.88,56.45,106.55,8.41,3.65,1.24,140.94
2025-11-29,STN08,Hisar (HAU),29.15,75.7,11.59,70.45,2.0,1.0,1.27,198.42
2025-11-29,STN09,Lucknow (Lalbagh),26.85,80.93,74.21,146.54,2.45,1.0,1.97,213.67
2025-11-29,STN10,Hyderabad (Sanathnagar),17.45,78.43,40.97,65.61,8.63,1.0,1.36,185.19
2025-11-29,STN11,Guwahati (IIT),26.18,91.69,30.26,73.47,3.92,2.11,0.73,167.62
2025-11-29,STN12,Jaipur (Shastri Nagar),26.93,75.8,26.66,107.06,2.0,4.13,1.21,216.39
2025-11-30,STN01,Delhi (RK Puram),28.56,77.18,56.47,107.11,77.84,2.19,1.66,4311.69
2025-11-30,STN02,Patna (IGSC),25.61,85.12,66.65,129.47,2.0,1.0,1.86,233.15
2025-11-30,STN03,Mumbai (Bandra),19.05,72.82,40.81,85.68,51.85,1.0,1.87,5059.99
2025-11-30,STN04,Bengaluru (Kengeri),12.91,77.48,21.24,56.34,2.0,1.0,1.03,330.67
2025-11-30,STN05,Chennai (Adayar),13.01,80.25,19.33,73.62,20.17,1.0,1.13,3186.36
2025-11-30,STN06,Kolkata (Victoria),22.54,88.34,55.49,105.94,47.35,1.0,1.53,3993.93
2025-11-30,STN07,Amritsar (Golden Temple),31.62,74.88,44.37,99.1,4.81,1.0,1.24,156.25
2025-11-30,STN08,Hisar (HAU),29.15,75.7,49.72,116.41,2.0,1.0,1.15,231.11
2025-11-30,STN09,Lucknow (Lalbagh),26.85,80.93,61.73,117.94,8.22,2.09,2.03,192.19
2025-11-30,STN10,Hyderabad (Sanathnagar),17.45,78.43,36.25,83.86,2.0,2.04,1.79,227.55
2025-11-30,STN11,Guwahati (IIT),26.18,91.69,44.65,98.1,2.0,1.0,0.91,261.49
2025-11-30,STN12,Jaipur (Shastri Nagar),26.93,75.8,51.13,146.19,10.46,1.0,1.97,318.6
2025-12-01,STN01,Delhi (RK Puram),28.56,77.18,57.38,102.17,77.47,4.56,1.95,4331.6
2025-12-01,STN02,Patna (IGSC),25.61,85.12,40.15,73.07,2.0,1.78,2.1,202.32
2025-12-01,STN03,Mumbai (Bandra),19.05,72.82,51.1,128.83,56.62,1.0,1.63,5428.16
2025-12-01,STN04,Bengaluru (Kengeri),12.91,77.48,23.36,84.37,2.0,1.0,0.99,292.84
2025-12-01,STN05,Chennai (Adayar),13.01,80.25,45.78,92.28,25.17,1.0,0.95,2892.77
2025-12-01,STN06,Kolkata (Victoria),22.54,88.34,50.33,115.24,31.62,1.0,1.4,3897.69
2025-12-01,STN07,Amritsar (Golden Temple),31.62,74.88,53.54,97.69,2.0,1.0,1.61,215.53
2025-12-01,STN08,Hisar (HAU),29.15,75.7,61.21,134.69,2.0,1.0,1.06,167.07
2025-12-01,STN09,Lucknow (Lalbagh),26.85,80.93,33.15,109.51,2.0,1.03,2.15,260.18
2025-12-01,STN10,Hyderabad (Sanathnagar),17.45,78.43,27.8,52.88,5.29,1.0,1.42,186.17
2025-12-01,STN11,Guwahati (IIT),26.18,91.69,22.99,56.26,2.0,2.79,1.35,211.27
2025-12-01,STN12,Jaipur (Shastri Nagar),26.93,75.8,44.79,132.72,7.62,1.0,1.37,226.07
2025-12-02,STN01,Delhi (RK Puram),28.56,77.18,59.79,114.41,77.99,4.84,2.04,4174.14
2025-12-02,STN02,Patna (IGSC),25.61,85.12,62.48,113.55,2.0,1.0,2.11,219.19
2025-12-02,STN03,Mumbai (Bandra),19.05,72.82,71.1,131.03,56.3,1.0,1.72,5356.35
2025-12-02,STN04,Bengaluru (Kengeri),12.91,77.48,17.65,59.66,2.0,1.0,1.32,318.03
2025-12-02,STN05,Chennai (Adayar),13.01,80.25,19.88,50.67,33.92,1.0,1.06,2876.83
2025-12-02,STN06,Kolkata (Victoria),22.54,88.34,50.12,110.09,48.42,1.0,1.23,4192.97
2025-12-02,STN07,Amritsar (Golden Temple),31.62,74.88,52.81,114.96,2.0,1.0,1.76,207.2
2025-12-02,STN08,Hisar (HAU),29.15,75.7,44.99,111.03,2.0,1.0,1.2,218.34
2025-12-02,STN09,Lucknow (Lalbagh),26.85,80.93,65.47,101.42,3.32,2.0,1.58,185.98
2025-12-02,STN10,Hyderabad (Sanathnagar),17.45,78.43,73.73,156.93,2.0,2.93,1.46,216.95
2025-12-02,STN11,Guwahati (IIT),26.18,91.69,54.85,124.68,2.0,1.0,1.16,189.71
2025-12-02,STN12,Jaipur (Shastri Nagar),26.93,75.8,52.72,140.48,4.48,1.03,1.45,238.34
2025-12-03,STN01,Delhi (RK Puram),28.56,77.18,51.96,139.19,93.39,1.0,2.37,5031.46
2025-12-03,STN02,Patna (IGSC),25.61,85.12,86.47,163.85,2.0,1.0,2.09,203.42
2025-12-03,STN03,Mumbai (Bandra),19.05,72.82,50.06,78.51,68.92,2.38,1.48,5571.75
2025-12-03,STN04,Bengaluru (Kengeri),12.91,77.48,38.07,69.09,2.0,1.0,1.1,261.75
2025-12-03,STN05,Chennai (Adayar),13.01,80.25,31.93,95.86,26.41,1.0,0.96,3249.18
2025-12-03,STN06,Kolkata (Victoria),22.54,88.34,50.11,112.03,54.33,1.0,1.62,4532.9
2025-12-03,STN07,Amritsar (Golden Temple),31.62,74.88,40.32,91.58,7.7,1.0,1.29,200.84
2025-12-03,STN08,Hisar (HAU),29.15,75.7,22.74,85.96,2.0,1.11,1.05,244.79
2025-12-03,STN09,Lucknow (Lalbagh),26.85,80.93,55.54,102.6,2.0,1.84,1.6,185.48
2025-12-03,STN10,Hyderabad (Sanathnagar),17.45,78.43,41.03,71.23,4.49,3.66,1.11,281.75
2025-12-03,STN11,Guwahati (IIT),26.18,91.69,40.28,99.9,3.8,1.0,0.73,206.82
2025-12-03,STN12,Jaipur (Shastri Nagar),26.93,75.8,59.87,140.0,3.45,1.38,1.33,239.45
2025-12-04,STN01,Delhi (RK Puram),28.56,77.18,66.39,121.46,85.64,1.0,2.31,4843.87
2025-12-04,STN02,Patna (IGSC),25.61,85.12,54.61,131.01,5.43,1.0,1.92,213.14
2025-12-04,STN03,Mumbai (Bandra),19.05,72.82,33.5,69.62,46.58,1.0,1.47,4689.17
2025-12-04,STN04,Bengaluru (Kengeri),12.91,77.48,43.32,87.09,5.69,1.0,1.15,248.74
2025-12-04,STN05,Chennai (Adayar),13.01,80.25,15.05,40.95,20.56,1.0,0.85,3184.95
2025-12-04,STN06,Kolkata (Victoria),22.54,88.34,49.01,88.11,47.15,2.27,1.55,3983.49
2025-12-04,STN07,Amritsar (Golden Temple),31.62,74.88,41.33,108.16,2.0,1.0,1.88,161.13
2025-12-04,STN08,Hisar (HAU),29.15,75.7,34.85,99.17,2.0,1.0,0.88,218.69
2025-12-04,STN09,Lucknow (Lalbagh),26.85,80.93,34.19,83.56,4.53,1.0,1.68,237.12
2025-12-04,STN10,Hyderabad (Sanathnagar),17.45,78.43,41.07,50.86,11.28,1.0,1.11,193.23
2025-12-04,STN11,Guwahati (IIT),26.18,91.69,44.67,97.18,2.0,1.0,0.98,162.19
2025-12-04,STN12,Jaipur (Shastri Nagar),26.93,75.8,50.92,123.64,2.0,1.0,1.53,251.16
2025-12-05,STN01,Delhi (RK Puram),28.56,77.18,77.26,148.43,86.95,1.0,2.54,5411.15
2025-12-05,STN02,Patna (IGSC),25.61,85.12,50.43,84.82,2.0,1.0,1.51,211.88
2025-12-05,STN03,Mumbai (Bandra),19.05,72.82,43.23,97.5,62.43,1.0,1.55,4849.36
2025-12-05,STN04,Bengaluru (Kengeri),12.91,77.48,37.93,76.51,2.0,1.0,1.36,246.61
2025-12-05,STN05,Chennai (Adayar),13.01,80.25,49.03,97.59,17.39,1.0,1.05,3036.5
2025-12-05,STN06,Kolkata (Victoria),22.54,88.34,46.44,100.2,43.13,1.0,1.75,4235.03
2025-12-05,STN07,Amritsar (Golden Temple),31.62,74.88,35.46,78.08,2.0,1.84,1.53,172.07
2025-12-05,STN08,Hisar (HAU),29.15,75.7,39.6,138.64,4.15,1.0,1.4,169.47
2025-12-05,STN09,Lucknow (Lalbagh),26.85,80.93,53.19,100.49,2.0,1.0,1.76,159.5
2025-12-05,STN10,Hyderabad (Sanathnagar),17.45,78.43,32.86,97.35,7.04,1.87,1.29,218.2
2025-12-05,STN11,Guwahati (IIT),26.18,91.69,55.28,108.39,12.28,2.06,0.95,250.93
2025-12-05,STN12,Jaipur (Shastri Nagar),26.93,75.8,53.12,138.11,4.1,1.0,1.76,213.34
2025-12-06,STN01,Delhi (RK Puram),28.56,77.18,70.06,140.26,93.1,1.0,2.31,5165.64
2025-12-06,STN02,Patna (IGSC),25.61,85.12,56.42,124.83,2.0,6.52,1.55,194.53
2025-12-06,STN03,Mumbai (Bandra),19.05,72.82,40.88,91.68,57.76,1.0,2.05,5083.39
2025-12-06,STN04,Bengaluru (Kengeri),12.91,77.48,25.91,107.74,2.0,1.0,1.06,339.51
2025-12-06,STN05,Chennai (Adayar),13.01,80.25,27.24,56.63,25.31,1.0,0.96,3148.96
2025-12-06,STN06,Kolkata (Victoria),22.54,88.34,57.56,111.86,49.97,1.0,1.49,4076.73
2025-12-06,STN07,Amritsar (Golden Temple),31.62,74.88,45.68,99.23,4.84,1.0,1.44,190.7
2025-12-06,STN08,Hisar (HAU),29.15,75.7,50.14,134.13,4.39,1.0,1.42,220.01
2025-12-06,STN09,Lucknow (Lalbagh),26.85,80.93,72.25,161.78,2.0,1.0,1.81,186.71
2025-12-06,STN10,Hyderabad (Sanathnagar),17.45,78.43,32.89,80.57,2.0,1.0,1.32,256.62
2025-12-06,STN11,Guwahati (IIT),26.18,91.69,32.24,76.44,2.29,1.0,1.45,179.05
2025-12-06,STN12,Jaipur (Shastri Nagar),26.93,75.8,44.71,142.73,2.0,3.28,1.37,234.51
2025-12-07,STN01,Delhi (RK Puram),28.56,77.18,58.6,123.46,90.43,1.0,1.99,4790.39
2025-12-07,STN02,Patna (IGSC),25.61,85.12,67.56,163.65,2.0,1.96,1.8,247.57
2025-12-07,STN03,Mumbai (Bandra),19.05,72.82,49.15,113.06,60.19,1.0,1.51,4930.42
2025-12-07,STN04,Bengaluru (Kengeri),12.91,77.48,32.72,63.63,2.0,1.0,1.32,131.58
2025-12-07,STN05,Chennai (Adayar),13.01,80.25,40.73,78.23,26.76,1.0,1.14,3256.57
2025-12-07,STN06,Kolkata (Victoria),22.54,88.34,35.51,46.86,53.48,1.0,1.69,4042.5
2025-12-07,STN07,Amritsar (Golden Temple),31.62,74.88,64.08,121.56,2.0,1.0,1.46,179.32
2025-12-07,STN08,Hisar (HAU),29.15,75.7,36.97,114.11,2.44,1.0,0.75,275.8
2025-12-07,STN09,Lucknow (Lalbagh),26.85,80.93,67.99,146.35,2.0,1.0,1.77,180.51
2025-12-07,STN10,Hyderabad (Sanathnagar),17.45,78.43,42.47,112.38,5.16,2.44,1.43,265.83
2025-12-07,STN11,Guwahati (IIT),26.18,91.69,45.69,105.55,5.93,1.0,1.07,158.79
2025-12-07,STN12,Jaipur (Shastri Nagar),26.93,75.8,29.34,114.99,2.0,1.84,1.32,148.8
2025-12-08,STN01,Delhi (RK Puram),28.56,77.18,56.4,124.03,76.97,1.0,1.85,4253.24
2025-12-08,STN02,Patna (IGSC),25.61,85.12,90.12,176.59,2.0,1.63,1.99,243.53
2025-12-08,STN03,Mumbai (Bandra),19.05,72.82,32.47,46.92,64.6,1.92,1.85,5172.96
2025-12-08,STN04,Bengaluru (Kengeri),12.91,77.48,53.61,130.15,2.0,2.47,1.24,288.19
2025-12-08,STN05,Chennai (Adayar),13.01,80.25,23.42,77.75,24.76,1.27,0.41,3058.72
2025-12-08,STN06,Kolkata (Victoria),22.54,88.34,67.99,117.47,52.95,1.0,1.76,4388.54
2025-12-08,STN07,Amritsar (Golden Temple),31.62,74.88,31.13,83.01,8.87,2.83,1.38,165.12
2025-12-08,STN08,Hisar (HAU),29.15,75.7,30.52,132.95,3.95,1.1,1.24,214.78
2025-12-08,STN09,Lucknow (Lalbagh),26.85,80.93,63.7,145.36,7.41,2.0,1.78,196.63
2025-12-08,STN10,Hyderabad (Sanathnagar),17.45,78.43,45.39,70.16,2.0,3.84,1.16,243.49
2025-12-08,STN11,Guwahati (IIT),26.18,91.69,24.16,76.33,8.69,1.0,0.67,232.0
2025-12-08,STN12,Jaipur (Shastri Nagar),26.93,75.8,30.24,112.62,2.0,1.22,1.04,219.92
2025-12-09,STN01,Delhi (RK Puram),28.56,77.18,60.43,130.49,79.05,1.0,2.38,4993.42
2025-12-09,STN02,Patna (IGSC),25.61,85.12,50.55,115.35,4.71,1.0,1.82,193.14
2025-12-09,STN03,Mumbai (Bandra),19.05,72.82,47.8,106.63,45.4,1.0,1.67,4241.16
2025-12-09,STN04,Bengaluru (Kengeri),12.91,77.48,46.75,98.01,2.0,1.0,0.73,194.65
2025-12-09,STN05,Chennai (Adayar),13.01,80.25,31.15,84.43,25.22,1.0,1.26,2781.4
2025-12-09,STN06,Kolkata (Victoria),22.54,88.34,47.22,112.27,53.94,1.0,1.92,4179.11
2025-12-09,STN07,Amritsar (Golden Temple),31.62,74.88,65.44,140.12,6.79,1.0,1.78,202.39
2025-12-09,STN08,Hisar (HAU),29.15,75.7,43.79,130.83,2.0,2.59,1.0,191.39
2025-12-09,STN09,Lucknow (Lalbagh),26.85,80.93,72.2,156.55,6.32,1.0,1.35,239.77
2025-12-09,STN10,Hyderabad (Sanathnagar),17.45,78.43,42.22,85.83,6.4,3.33,0.85,212.21
2025-12-09,STN11,Guwahati (IIT),26.18,91.69,21.22,56.01,6.56,3.11,0.86,216.02
2025-12-09,STN12,Jaipur (Shastri Nagar),26.93,75.8,52.04,145.91,5.86,3.39,1.65,238.47
2025-12-10,STN01,Delhi (RK Puram),28.56,77.18,60.0,112.48,84.52,1.0,2.33,5468.41
2025-12-10,STN02,Patna (IGSC),25.61,85.12,48.69,102.54,2.0,3.38,2.29,217.14
2025-12-10,STN03,Mumbai (Bandra),19.05,72.82,48.06,90.94,66.83,1.93,1.9,4731.19
2025-12-10,STN04,Bengaluru (Kengeri),12.91,77.48,25.38,47.86,2.26,1.0,1.7,265.05
2025-12-10,STN05,Chennai (Adayar),13.01,80.25,34.62,90.87,21.74,1.19,0.89,3065.53
2025-12-10,STN06,Kolkata (Victoria),22.54,88.34,59.08,124.87,43.44,1.0,1.92,3970.59
2025-12-10,STN07,Amritsar (Golden Temple),31.62,74.88,56.57,148.76,3.56,1.77,1.45,152.7
2025-12-10,STN08,Hisar (HAU),29.15,75.7,33.7,100.41,2.0,1.0,1.06,214.57
2025-12-10,STN09,Lucknow (Lalbagh),26.85,80.93,57.43,129.66,2.0,1.39,1.65,196.41
2025-12-10,STN10,Hyderabad (Sanathnagar),17.45,78.43,29.84,57.5,2.0,1.08,1.26,259.5
2025-12-10,STN11,Guwahati (IIT),26.18,91.69,34.82,100.98,4.08,1.0,1.32,187.74
2025-12-10,STN12,Jaipur (Shastri Nagar),26.93,75.8,43.49,160.52,2.0,1.0,1.08,136.79
2025-12-11,STN01,Delhi (RK Puram),28.56,77.18,65.78,113.13,95.74,3.11,1.95,5333.07
2025-12-11,STN02,Patna (IGSC),25.61,85.12,56.76,127.66,4.06,2.09,2.13,154.79
2025-12-11,STN03,Mumbai (Bandra),19.05,72.82,61.58,125.4,57.69,1.0,1.36,4512.22
2025-12-11,STN04,Bengaluru (Kengeri),12.91,77.48,31.75,93.98,2.0,1.0,1.51,320.24
2025-12-11,STN05,Chennai (Adayar),13.01,80.25,27.77,81.27,17.71,1.0,0.78,2988.85
2025-12-11,STN06,Kolkata (Victoria),22.54,88.34,70.61,122.9,49.72,1.0,1.77,4103.19
2025-12-11,STN07,Amritsar (Golden Temple),31.62,74.88,49.94,104.38,2.39,1.0,1.76,162.63
2025-12-11,STN08,Hisar (HAU),29.15,75.7,48.6,134.52,14.3,1.55,1.27,251.32
2025-12-11,STN09,Lucknow (Lalbagh),26.85,80.93,68.1,156.24,2.0,1.0,1.9,159.18
2025-12-11,STN10,Hyderabad (Sanathnagar),17.45,78.43,33.28,98.2,6.75,1.0,1.36,155.22
2025-12-11,STN11,Guwahati (IIT),26.18,91.69,34.27,74.53,3.42,1.0,0.77,162.73
2025-12-11,STN12,Jaipur (Shastri Nagar),26.93,75.8,57.22,156.75,4.9,1.0,1.53,191.29
2025-12-12,STN01,Delhi (RK Puram),28.56,77.18,57.11,107.21,82.19,1.0,2.43,4765.91
2025-12-12,STN02,Patna (IGSC),25.61,85.12,49.33,110.16,2.0,1.0,2.01,248.87
2025-12-12,STN03,Mumbai (Bandra),19.05,72.82,74.51,138.42,68.45,2.05,1.73,6143.61
2025-12-12,STN04,Bengaluru (Kengeri),12.91,77.48,46.27,91.62,2.0,1.0,0.85,274.93
2025-12-12,STN05,Chennai (Adayar),13.01,80.25,33.09,77.19,12.98,1.12,0.98,2837.18
2025-12-12,STN06,Kolkata (Victoria),22.54,88.34,36.02,79.27,43.17,1.0,1.17,4034.61
2025-12-12,STN07,Amritsar (Golden Temple),31.62,74.88,31.09,89.45,8.17,1.0,1.56,162.79
2025-12-12,STN08,Hisar (HAU),29.15,75.7,64.65,141.14,5.25,1.0,1.32,243.44
2025-12-12,STN09,Lucknow (Lalbagh),26.85,80.93,56.93,125.12,3.96,1.0,1.97,221.6
2025-12-12,STN10,Hyderabad (Sanathnagar),17.45,78.43,63.52,123.6,2.0,1.0,1.39,279.16
2025-12-12,STN11,Guwahati (IIT),26.18,91.69,30.74,88.1,2.0,1.0,1.09,139.2
2025-12-12,STN12,Jaipur (Shastri Nagar),26.93,75.8,42.48,107.03,3.93,1.0,0.96,215.65
2025-12-13,STN01,Delhi (RK Puram),28.56,77.18,96.24,170.54,101.74,1.43,2.21,5805.74
2025-12-13,STN02,Patna (IGSC),25.61,85.12,52.86,108.47,4.68,1.0,1.9,187.81
2025-12-13,STN03,Mumbai (Bandra),19.05,72.82,57.68,120.78,68.66,1.0,1.6,5089.89
2025-12-13,STN04,Bengaluru (Kengeri),12.91,77.48,36.04,81.39,2.0,1.0,1.2,211.88
2025-12-13,STN05,Chennai (Adayar),13.01,80.25,44.62,100.41,21.93,2.81,1.02,3027.25
2025-12-13,STN06,Kolkata (Victoria),22.54,88.34,43.66,102.48,50.71,1.46,0.98,4369.13
2025-12-13,STN07,Amritsar (Golden Temple),31.62,74.88,76.32,169.35,2.0,1.0,1.79,149.82
2025-12-13,STN08,Hisar (HAU),29.15,75.7,34.59,81.31,6.05,1.0,0.99,225.53
2025-12-13,STN09,Lucknow (Lalbagh),26.85,80.93,81.62,154.12,11.17,1.0,2.07,253.28
2025-12-13,STN10,Hyderabad (Sanathnagar),17.45,78.43,47.38,89.34,7.86,1.56,1.59,310.23
2025-12-13,STN11,Guwahati (IIT),26.18,91.69,38.36,102.43,2.36,1.0,0.99,235.11
2025-12-13,STN12,Jaipur (Shastri Nagar),26.93,75.8,31.99,99.94,2.0,1.0,1.26,204.52
2025-12-14,STN01,Delhi (RK Puram),28.56,77.18,70.17,128.43,96.01,1.24,2.15,4823.59
2025-12-14,STN02,Patna (IGSC),25.61,85.12,57.03,129.83,2.03,1.0,1.71,220.98
2025-12-14,STN03,Mumbai (Bandra),19.05,72.82,36.05,83.89,56.77,1.0,1.8,4816.02
2025-12-14,STN04,Bengaluru (Kengeri),12.91,77.48,22.35,57.54,15.95,1.0,0.93,211.08
2025-12-14,STN05,Chennai (Adayar),13.01,80.25,22.22,45.09,15.54,1.0,1.46,2702.06
2025-12-14,STN06,Kolkata (Victoria),22.54,88.34,64.81,122.59,59.13,1.13,1.53,4124.19
2025-12-14,STN07,Amritsar (Golden Temple),31.62,74.88,62.87,113.37,2.0,1.33,1.51,192.02
2025-12-14,STN08,Hisar (HAU),29.15,75.7,14.71,61.95,3.33,2.06,1.09,251.01
2025-12-14,STN09,Lucknow (Lalbagh),26.85,80.93,70.69,122.35,11.65,3.65,1.95,192.33
2025-12-14,STN10,Hyderabad (Sanathnagar),17.45,78.43,31.49,66.46,8.85,1.0,1.23,286.94
2025-12-14,STN11,Guwahati (IIT),26.18,91.69,28.29,69.27,2.0,1.67,1.15,207.99
2025-12-14,STN12,Jaipur (Shastri Nagar),26.93,75.8,37.95,123.34,2.0,1.0,1.61,271.22
2025-12-15,STN01,Delhi (RK Puram),28.56,77.18,71.94,158.48,100.17,1.56,2.56,5022.79
2025-12-15,STN02,Patna (IGSC),25.61,85.12,54.34,131.68,4.89,1.0,2.12,192.09
2025-12-15,STN03,Mumbai (Bandra),19.05,72.82,41.94,86.31,63.08,1.0,1.74,5249.9
2025-12-15,STN04,Bengaluru (Kengeri),12.91,77.48,31.9,47.85,2.0,1.0,1.35,254.16
2025-12-15,STN05,Chennai (Adayar),13.01,80.25,26.51,59.18,30.77,1.0,0.95,3273.06
2025-12-15,STN06,Kolkata (Victoria),22.54,88.34,46.9,129.52,53.57,1.55,1.8,4342.78
2025-12-15,STN07,Amritsar (Golden Temple),31.62,74.88,45.89,113.0,6.7,1.0,1.52,174.17
2025-12-15,STN08,Hisar (HAU),29.15,75.7,47.92,151.63,2.0,1.0,1.1,204.94
2025-12-15,STN09,Lucknow (Lalbagh),26.85,80.93,65.25,153.53,2.0,1.0,1.91,194.39
2025-12-15,STN10,Hyderabad (Sanathnagar),17.45,78.43,55.45,90.95,2.0,1.0,1.95,284.58
2025-12-15,STN11,Guwahati (IIT),26.18,91.69,22.32,66.77,2.99,1.0,1.01,160.38
2025-12-15,STN12,Jaipur (Shastri Nagar),26.93,75.8,50.23,105.54,4.61,1.0,1.4,153.41
2025-12-16,STN01,Delhi (RK Puram),28.56,77.18,83.81,180.73,96.48,1.0,2.3,5364.9
2025-12-16,STN02,Patna (IGSC),25.61,85.12,63.22,149.34,2.25,1.0,2.12,192.96
2025-12-16,STN03,Mumbai (Bandra),19.05,72.82,22.83,42.98,61.07,1.0,1.63,5271.52
2025-12-16,STN04,Bengaluru (Kengeri),12.91,77.48,33.67,64.67,2.0,1.0,1.61,317.82
2025-12-16,STN05,Chennai (Adayar),13.01,80.25,24.5,73.17,30.65,1.0,1.38,3319.43
2025-12-16,STN06,Kolkata (Victoria),22.54,88.34,62.7,155.23,55.3,1.0,1.71,4419.37
2025-12-16,STN07,Amritsar (Golden Temple),31.62,74.88,50.59,130.02,2.0,1.0,1.3,142.52
2025-12-16,STN08,Hisar (HAU),29.15,75.7,37.33,84.88,2.0,1.0,1.72,228.06
2025-12-16,STN09,Lucknow (Lalbagh),26.85,80.93,61.63,126.44,2.0,1.0,1.95,150.05
2025-12-16,STN10,Hyderabad (Sanathnagar),17.45,78.43,23.03,70.28,2.0,1.0,1.3,217.79
2025-12-16,STN11,Guwahati (IIT),26.18,91.69,37.11,67.45,5.05,1.0,1.01,176.07
2025-12-16,STN12,Jaipur (Shastri Nagar),26.93,75.8,51.47,111.22,2.0,1.0,1.64,164.74
2025-12-17,STN01,Delhi (RK Puram),28.56,77.18,60.76,106.81,81.73,3.31,2.43,5099.31
2025-12-17,STN02,Patna (IGSC),25.61,85.12,57.17,120.95,2.0,2.08,2.29,181.54
2025-12-17,STN03,Mumbai (Bandra),19.05,72.82,36.24,78.77,60.91,3.46,1.62,5368.48
2025-12-17,STN04,Bengaluru (Kengeri),12.91,77.48,26.58,67.26,2.0,1.0,1.22,275.08
2025-12-17,STN05,Chennai (Adayar),13.01,80.25,42.71,91.19,21.99,1.95,0.69,2901.58
2025-12-17,STN06,Kolkata (Victoria),22.54,88.34,45.35,85.49,58.43,1.0,1.52,4306.02
2025-12-17,STN07,Amritsar (Golden Temple),31.62,74.88,53.17,121.16,2.0,1.0,1.47,146.14
2025-12-17,STN08,Hisar (HAU),29.15,75.7,50.32,95.18,8.19,1.0,1.21,138.54
2025-12-17,STN09,Lucknow (Lalbagh),26.85,80.93,58.97,119.54,2.0,2.12,1.95,173.84
2025-12-17,STN10,Hyderabad (Sanathnagar),17.45,78.43,14.39,26.59,3.82,3.8,1.43,227.19
2025-12-17,STN11,Guwahati (IIT),26.18,91.69,22.86,49.84,2.0,1.68,0.88,182.65
2025-12-17,STN12,Jaipur (Shastri Nagar),26.93,75.8,37.39,123.93,2.0,1.0,0.86,162.34
2025-12-18,STN01,Delhi (RK Puram),28.56,77.18,74.52,176.76,96.83,1.0,2.53,5149.12
2025-12-18,STN02,Patna (IGSC),25.61,85.12,63.8,110.51,2.0,2.91,1.73,200.17
2025-12-18,STN03,Mumbai (Bandra),19.05,72.82,53.97,99.14,70.08,1.0,1.56,5219.04
2025-12-18,STN04,Bengaluru (Kengeri),12.91,77.48,41.08,96.3,2.0,2.21,1.73,232.69
2025-12-18,STN05,Chennai (Adayar),13.01,80.25,40.0,88.88,25.48,1.0,1.36,3193.16
2025-12-18,STN06,Kolkata (Victoria),22.54,88.34,44.67,104.73,52.92,1.0,1.75,4129.78
2025-12-18,STN07,Amritsar (Golden Temple),31.62,74.88,60.31,155.1,2.0,2.58,1.48,192.75
2025-12-18,STN08,Hisar (HAU),29.15,75.7,38.93,101.75,2.0,1.26,0.73,197.59
2025-12-18,STN09,Lucknow (Lalbagh),26.85,80.93,63.73,109.32,7.66,1.0,1.85,224.81
2025-12-18,STN10,Hyderabad (Sanathnagar),17.45,78.43,55.77,133.48,2.0,1.0,1.37,172.1
2025-12-18,STN11,Guwahati (IIT),26.18,91.69,37.64,71.26,7.49,1.0,1.0,140.51
2025-12-18,STN12,Jaipur (Shastri Nagar),26.93,75.8,66.37,192.79,5.78,1.0,1.43,216.36
2025-12-19,STN01,Delhi (RK Puram),28.56,77.18,82.44,164.54,87.55,1.0,2.23,5134.07
2025-12-19,STN02,Patna (IGSC),25.61,85.12,51.69,111.67,4.46,1.63,1.73,162.07
2025-12-19,STN03,Mumbai (Bandra),19.05,72.82,51.86,117.5,68.89,1.0,1.91,5201.21
2025-12-19,STN04,Bengaluru (Kengeri),12.91,77.48,29.78,79.85,5.38,1.0,1.33,215.93
2025-12-19,STN05,Chennai (Adayar),13.01,80.25,33.11,68.99,22.58,1.08,1.08,3390.99
2025-12-19,STN06,Kolkata (Victoria),22.54,88.34,68.97,110.03,45.73,1.0,1.4,3672.67
2025-12-19,STN07,Amritsar (Golden Temple),31.62,74.88,47.96,91.17,8.11,1.0,1.46,144.58
2025-12-19,STN08,Hisar (HAU),29.15,75.7,53.49,138.22,4.47,1.0,1.35,176.5
2025-12-19,STN09,Lucknow (Lalbagh),26.85,80.93,58.26,143.6,2.0,6.41,1.91,182.76
2025-12-19,STN10,Hyderabad (Sanathnagar),17.45,78.43,54.51,105.47,2.0,1.96,1.69,289.85
2025-12-19,STN11,Guwahati (IIT),26.18,91.69,30.45,88.05,2.0,1.0,1.04,162.97
2025-12-19,STN12,Jaipur (Shastri Nagar),26.93,75.8,39.5,92.76,2.0,2.27,1.68,211.97
2025-12-20,STN01,Delhi (RK Puram),28.56,77.18,87.82,170.03,106.82,1.0,1.92,5212.88
2025-12-20,STN02,Patna (IGSC),25.61,85.12,74.67,165.17,2.0,1.0,1.8,162.18
2025-12-20,STN03,Mumbai (Bandra),19.05,72.82,46.11,104.4,62.4,1.0,2.1,5573.06
2025-12-20,STN04,Bengaluru (Kengeri),12.91,77.48,37.11,65.89,3.33,1.0,1.32,275.06
2025-12-20,STN05,Chennai (Adayar),13.01,80.25,34.16,67.01,21.45,3.9,1.18,3089.82
2025-12-20,STN06,Kolkata (Victoria),22.54,88.34,47.37,82.54,38.19,1.0,1.77,3743.31
2025-12-20,STN07,Amritsar (Golden Temple),31.62,74.88,48.38,119.41,2.0,1.0,1.84,192.1
2025-12-20,STN08,Hisar (HAU),29.15,75.7,42.14,126.14,2.01,1.0,1.41,180.24
2025-12-20,STN09,Lucknow (Lalbagh),26.85,80.93,61.12,137.25,4.03,1.0,1.98,183.84
2025-12-20,STN10,Hyderabad (Sanathnagar),17.45,78.43,27.61,82.65,8.44,1.0,1.54,217.52
2025-12-20,STN11,Guwahati (IIT),26.18,91.69,27.23,83.27,2.0,2.52,1.33,162.24
2025-12-20,STN12,Jaipur (Shastri Nagar),26.93,75.8,55.82,153.9,2.0,1.0,1.41,187.91
2025-12-21,STN01,Delhi (RK Puram),28.56,77.18,71.47,122.91,101.74,2.75,2.27,5663.31
2025-12-21,STN02,Patna (IGSC),25.61,85.12,57.72,121.4,2.0,1.0,1.69,290.0
2025-12-21,STN03,Mumbai (Bandra),19.05,72.82,60.6,137.01,66.8,1.0,1.68,4724.54
2025-12-21,STN04,Bengaluru (Kengeri),12.91,77.48,26.27,55.53,2.0,3.24,1.22,242.79
2025-12-21,STN05,Chennai (Adayar),13.01,80.25,35.85,73.85,16.29,1.0,1.06,2783.4
2025-12-21,STN06,Kolkata (Victoria),22.54,88.34,48.23,114.31,59.49,2.78,1.54,4429.62
2025-12-21,STN07,Amritsar (Golden Temple),31.62,74.88,33.0,61.56,2.0,1.0,1.06,190.16
2025-12-21,STN08,Hisar (HAU),29.15,75.7,35.83,86.0,2.18,1.0,1.07,200.45
2025-12-21,STN09,Lucknow (Lalbagh),26.85,80.93,54.11,120.58,2.0,1.0,1.89,157.99
2025-12-21,STN10,Hyderabad (Sanathnagar),17.45,78.43,33.75,94.93,9.23,1.0,1.2,264.03
2025-12-21,STN11,Guwahati (IIT),26.18,91.69,27.35,64.5,2.0,1.0,0.96,132.84
2025-12-21,STN12,Jaipur (Shastri Nagar),26.93,75.8,46.88,123.16,2.0,1.0,1.42,180.4
2025-12-22,STN01,Delhi (RK Puram),28.56,77.18,72.32,130.4,92.51,1.0,2.59,4851.58
2025-12-22,STN02,Patna (IGSC),25.61,85.12,68.29,145.69,9.22,1.9,1.96,207.61
2025-12-22,STN03,Mumbai (Bandra),19.05,72.82,42.37,89.94,62.71,1.0,1.76,4774.24
2025-12-22,STN04,Bengaluru (Kengeri),12.91,77.48,40.51,67.23,2.0,1.0,1.08,297.53
2025-12-22,STN05,Chennai (Adayar),13.01,80.25,52.1,105.19,30.17,1.0,0.62,3654.58
2025-12-22,STN06,Kolkata (Victoria),22.54,88.34,64.17,138.21,56.66,1.05,1.88,4226.73
2025-12-22,STN07,Amritsar (Golden Temple),31.62,74.88,60.59,138.9,11.27,1.0,1.64,199.98
2025-12-22,STN08,Hisar (HAU),29.15,75.7,27.07,100.11,2.0,1.0,1.26,284.79
2025-12-22,STN09,Lucknow (Lalbagh),26.85,80.93,85.57,160.27,4.86,6.53,2.05,168.67
2025-12-22,STN10,Hyderabad (Sanathnagar),17.45,78.43,18.32,63.34,5.58,1.0,1.22,254.09
2025-12-22,STN11,Guwahati (IIT),26.18,91.69,42.96,103.98,2.0,3.49,1.01,181.55
2025-12-22,STN12,Jaipur (Shastri Nagar),26.93,75.8,31.68,127.1,2.0,1.0,1.32,204.47
2025-12-23,STN01,Delhi (RK Puram),28.56,77.18,55.21,147.09,82.03,1.0,2.46,4474.83
2025-12-23,STN02,Patna (IGSC),25.61,85.12,42.66,98.1,2.0,1.0,1.88,152.62
2025-12-23,STN03,Mumbai (Bandra),19.05,72.82,60.09,85.98,66.72,1.0,1.97,5300.37
2025-12-23,STN04,Bengaluru (Kengeri),12.91,77.48,40.23,117.25,2.0,1.0,1.43,200.04
2025-12-23,STN05,Chennai (Adayar),13.01,80.25,31.27,65.02,15.03,1.12,1.11,2959.57
2025-12-23,STN06,Kolkata (Victoria),22.54,88.34,45.5,110.1,50.95,1.53,1.41,4042.88
2025-12-23,STN07,Amritsar (Golden Temple),31.62,74.88,30.33,88.77,15.94,4.0,1.76,157.88
2025-12-23,STN08,Hisar (HAU),29.15,75.7,43.51,120.44,2.0,1.0,1.07,236.16
2025-12-23,STN09,Lucknow (Lalbagh),26.85,80.93,70.62,159.36,2.0,2.49,1.75,165.58
2025-12-23,STN10,Hyderabad (Sanathnagar),17.45,78.43,57.95,109.83,9.67,1.0,1.27,196.41
2025-12-23,STN11,Guwahati (IIT),26.18,91.69,49.75,107.6,2.0,1.0,1.26,202.87
2025-12-23,STN12,Jaipur (Shastri Nagar),26.93,75.8,48.94,124.2,2.0,1.25,1.37,257.93
2025-12-24,STN01,Delhi (RK Puram),28.56,77.18,76.84,187.25,90.08,1.0,2.44,5269.51
2025-12-24,STN02,Patna (IGSC),25.61,85.12,70.43,132.0,2.0,1.0,2.29,166.71
2025-12-24,STN03,Mumbai (Bandra),19.05,72.82,56.0,110.37,73.97,1.0,1.34,5289.28
2025-12-24,STN04,Bengaluru (Kengeri),12.91,77.48,46.34,71.84,3.45,1.0,1.2,208.58
2025-12-24,STN05,Chennai (Adayar),13.01,80.25,37.04,79.45,30.43,1.0,1.14,3154.8
2025-12-24,STN06,Kolkata (Victoria),22.54,88.34,63.94,90.05,47.24,1.0,1.52,4204.85
2025-12-24,STN07,Amritsar (Golden Temple),31.62,74.88,72.03,154.02,5.42,1.0,1.02,118.97
2025-12-24,STN08,Hisar (HAU),29.15,75.7,44.91,114.83,2.0,1.75,1.23,259.84
2025-12-24,STN09,Lucknow (Lalbagh),26.85,80.93,61.22,118.5,2.0,1.0,1.77,189.88
2025-12-24,STN10,Hyderabad (Sanathnagar),17.45,78.43,50.25,106.44,2.0,1.11,1.5,162.66
2025-12-24,STN11,Guwahati (IIT),26.18,91.69,44.59,110.2,4.1,1.0,0.92,194.96
2025-12-24,STN12,Jaipur (Shastri Nagar),26.93,75.8,58.74,148.8,9.59,1.0,1.74,205.15
2025-12-25,STN01,Delhi (RK Puram),28.56,77.18,67.31,152.01,101.31,1.0,2.49,4792.98
2025-12-25,STN02,Patna (IGSC),25.61,85.12,66.46,147.24,2.0,1.0,1.97,220.13
2025-12-25,STN03,Mumbai (Bandra),19.05,72.82,56.8,111.58,68.32,2.0,1.68,4917.02
2025-12-25,STN04,Bengaluru (Kengeri),12.91,77.48,42.99,95.75,2.0,1.0,1.63,246.07
2025-12-25,STN05,Chennai (Adayar),13.01,80.25,32.77,72.76,25.7,1.0,1.33,3052.58
2025-12-25,STN06,Kolkata (Victoria),22.54,88.34,54.96,107.06,40.82,1.0,1.01,3381.77
2025-12-25,STN07,Amritsar (Golden Temple),31.62,74.88,62.86,147.82,2.0,1.0,1.39,145.61
2025-12-25,STN08,Hisar (HAU),29.15,75.7,32.54,92.35,2.0,1.0,1.06,197.74
2025-12-25,STN09,Lucknow (Lalbagh),26.85,80.93,61.76,140.98,3.48,1.0,1.85,148.08
2025-12-25,STN10,Hyderabad (Sanathnagar),17.45,78.43,44.29,94.26,2.0,1.0,1.16,235.86
2025-12-25,STN11,Guwahati (IIT),26.18,91.69,29.66,68.97,4.38,1.0,1.01,194.47
2025-12-25,STN12,Jaipur (Shastri Nagar),26.93,75.8,30.79,99.0,4.01,1.0,0.89,178.2
2025-12-26,STN01,Delhi (RK Puram),28.56,77.18,57.01,132.59,92.14,1.0,2.44,4394.06
2025-12-26,STN02,Patna (IGSC),25.61,85.12,48.55,143.31,2.0,1.0,2.31,185.88
2025-12-26,STN03,Mumbai (Bandra),19.05,72.82,55.65,123.48,71.08,1.0,1.93,5071.89
2025-12-26,STN04,Bengaluru (Kengeri),12.91,77.48,49.0,82.24,2.0,1.0,1.46,230.14
2025-12-26,STN05,Chennai (Adayar),13.01,80.25,45.3,88.54,28.6,1.0,0.82,2979.16
2025-12-26,STN06,Kolkata (Victoria),22.54,88.34,58.14,113.67,46.96,1.0,1.71,4032.66
2025-12-26,STN07,Amritsar (Golden Temple),31.62,74.88,54.91,137.46,2.37,1.0,1.42,148.77
2025-12-26,STN08,Hisar (HAU),29.15,75.7,58.57,124.67,2.0,1.0,1.56,202.51
2025-12-26,STN09,Lucknow (Lalbagh),26.85,80.93,48.05,96.98,5.74,1.0,2.09,95.64
2025-12-26,STN10,Hyderabad (Sanathnagar),17.45,78.43,35.73,86.47,2.0,1.14,1.53,247.79
2025-12-26,STN11,Guwahati (IIT),26.18,91.69,56.38,118.14,2.0,1.0,0.51,162.41
2025-12-26,STN12,Jaipur (Shastri Nagar),26.93,75.8,48.48,146.23,3.78,2.7,1.54,110.4
2025-12-27,STN01,Delhi (RK Puram),28.56,77.18,59.82,118.34,87.05,4.53,2.23,4265.31
2025-12-27,STN02,Patna (IGSC),25.61,85.12,57.7,118.62,2.0,1.0,1.82,176.83
2025-12-27,STN03,Mumbai (Bandra),19.05,72.82,44.11,102.47,64.04,1.0,1.95,4246.09
2025-12-27,STN04,Bengaluru (Kengeri),12.91,77.48,33.62,51.21,2.0,1.0,1.37,188.96
2025-12-27,STN05,Chennai (Adayar),13.01,80.25,45.56,79.69,27.4,1.41,1.29,3277.24
2025-12-27,STN06,Kolkata (Victoria),22.54,88.34,48.12,102.58,47.64,1.0,1.25,4057.02
2025-12-27,STN07,Amritsar (Golden Temple),31.62,74.88,46.25,110.93,2.0,1.0,1.25,226.6
2025-12-27,STN08,Hisar (HAU),29.15,75.7,49.92,135.59,2.54,1.0,0.98,235.22
2025-12-27,STN09,Lucknow (Lalbagh),26.85,80.93,61.8,137.98,2.0,1.0,1.92,194.81
2025-12-27,STN10,Hyderabad (Sanathnagar),17.45,78.43,53.55,88.19,2.0,1.0,1.22,203.99
2025-12-27,STN11,Guwahati (IIT),26.18,91.69,22.46,58.87,2.0,1.0,1.12,217.28
2025-12-27,STN12,Jaipur (Shastri Nagar),26.93,75.8,53.11,168.12,5.03,2.11,1.28,263.26
2025-12-28,STN01,Delhi (RK Puram),28.56,77.18,64.23,140.07,95.88,1.0,2.55,4958.81
2025-12-28,STN02,Patna (IGSC),25.61,85.12,71.12,126.71,2.0,1.0,1.55,217.76
2025-12-28,STN03,Mumbai (Bandra),19.05,72.82,46.45,84.35,80.71,1.12,2.03,5079.32
2025-12-28,STN04,Bengaluru (Kengeri),12.91,77.48,69.24,116.39,2.0,1.0,1.34,217.98
2025-12-28,STN05,Chennai (Adayar),13.01,80.25,25.51,103.69,25.86,1.0,1.35,2844.64
2025-12-28,STN06,Kolkata (Victoria),22.54,88.34,73.54,142.15,61.62,1.0,1.19,4205.18
2025-12-28,STN07,Amritsar (Golden Temple),31.62,74.88,58.04,132.08,4.23,1.0,1.22,147.28
2025-12-28,STN08,Hisar (HAU),29.15,75.7,30.61,94.72,2.0,1.0,1.35,228.0
2025-12-28,STN09,Lucknow (Lalbagh),26.85,80.93,54.53,102.2,7.74,3.1,2.39,212.72
2025-12-28,STN10,Hyderabad (Sanathnagar),17.45,78.43,36.43,79.62,2.0,1.58,1.33,234.33
2025-12-28,STN11,Guwahati (IIT),26.18,91.69,17.04,22.81,2.0,1.0,0.8,195.93
2025-12-28,STN12,Jaipur (Shastri Nagar),26.93,75.8,66.68,186.83,8.4,1.0,1.32,206.66
2025-12-29,STN01,Delhi (RK Puram),28.56,77.18,81.9,181.0,98.94,1.0,2.45,5180.05
2025-12-29,STN02,Patna (IGSC),25.61,85.12,62.26,120.17,3.65,1.0,2.54,187.95
2025-12-29,STN03,Mumbai (Bandra),19.05,72.82,52.38,122.43,61.33,1.0,2.13,4683.56
2025-12-29,STN04,Bengaluru (Kengeri),12.91,77.48,51.5,92.21,8.26,1.0,1.32,217.2
2025-12-29,STN05,Chennai (Adayar),13.01,80.25,47.63,87.46,32.79,1.59,1.16,3107.75
2025-12-29,STN06,Kolkata (Victoria),22.54,88.34,59.7,119.36,50.32,1.0,1.38,3540.68
2025-12-29,STN07,Amritsar (Golden Temple),31.62,74.88,57.53,128.19,2.95,1.72,2.08,153.33
2025-12-29,STN08,Hisar (HAU),29.15,75.7,49.77,139.75,4.03,1.0,1.36,143.97
2025-12-29,STN09,Lucknow (Lalbagh),26.85,80.93,50.92,123.94,6.54,1.23,2.14,227.29
2025-12-29,STN10,Hyderabad (Sanathnagar),17.45,78.43,31.15,74.69,5.73,1.0,1.67,121.12
2025-12-29,STN11,Guwahati (IIT),26.18,91.69,49.53,99.0,2.0,1.0,1.26,252.49
2025-12-29,STN12,Jaipur (Shastri Nagar),26.93,75.8,39.64,120.44,7.37,1.08,1.37,171.14
